{
  "mode": "py-mp",
  "N": 1,
  "llm_transport": "claude-cli",
  "cold_start_ms": 17115.757518986356,
  "warmup_queries": 4,
  "median_per_query_wallclock_ms_at_n1": 16096.047,
  "runs": [
    {
      "wallclock_ms": 405376.5772129991,
      "throughput_qps": 0.04933684165351097,
      "num_failures": 0,
      "orchestration_ms": [
        77.71699999999873,
        99.28899999999885,
        78.60000000000218,
        76.92900000000009,
        94.51699999999983,
        187.13300000000163,
        166.22500000000036,
        71.79100000000108,
        119.98499999999876,
        114.07200000000012,
        315.48699999999735,
        274.974000000002,
        364.01900000000023,
        242.54399999999805,
        392.89100000000326,
        331.9330000000009,
        217.52800000000025,
        271.6710000000021,
        307.6080000000002,
        414.3250000000007
      ],
      "active_latency_ms": [
        13133.011999999999,
        15415.588,
        19433.131,
        15521.718,
        17881.401,
        18475.106,
        14773.847,
        13699.666000000001,
        15225.681999999999,
        17106.649,
        20499.045,
        20172.606,
        15837.3,
        20454.402,
        16472.616,
        27278.139,
        16114.834,
        17814.973,
        27796.04,
        15182.498
      ],
      "gross_wallclock_ms": [
        13411.009,
        15669.253,
        19849.886,
        15827.941,
        18054.202,
        18580.7,
        15095.58,
        14086.5,
        15468.847,
        17246.504,
        20499.045,
        20172.606,
        15837.3,
        20454.402,
        16472.616,
        27278.139,
        16114.834,
        17814.973,
        27796.04,
        15182.498
      ],
      "peak_memory_mb": 519.109375
    },
    {
      "wallclock_ms": 367530.05452301295,
      "throughput_qps": 0.054417318403950275,
      "num_failures": 0,
      "orchestration_ms": [
        77.16999999999825,
        98.80000000000291,
        76.78800000000047,
        75.21299999999974,
        92.80199999999968,
        117.33899999999994,
        104.8010000000013,
        69.25600000000122,
        124.7549999999992,
        111.54199999999946,
        304.3299999999981,
        333.54099999999926,
        348.496000000001,
        244.53600000000006,
        296.14900000000125,
        352.0650000000005,
        274.26800000000003,
        305.16400000000067,
        304.48099999999977,
        375.253999999999
      ],
      "active_latency_ms": [
        16880.354,
        17140.487,
        12113.571,
        15008.239,
        11901.607,
        14434.791000000001,
        13080.78,
        13922.832,
        15356.471,
        14902.954,
        24591.318,
        15233.318,
        15810.468,
        17801.988,
        21295.61,
        14907.62,
        13676.741,
        17034.898,
        20992.924,
        16077.26
      ],
      "gross_wallclock_ms": [
        17404.14,
        17299.468,
        12418.657,
        15345.763,
        12157.648,
        15016.134,
        13339.878,
        14208.307,
        15608.731,
        15128.799,
        24591.318,
        15233.318,
        15810.468,
        17801.988,
        21295.61,
        14907.62,
        13911.191,
        17034.898,
        20992.924,
        16077.26
      ],
      "peak_memory_mb": 519.109375
    },
    {
      "wallclock_ms": 377526.2384249945,
      "throughput_qps": 0.05297645028180876,
      "num_failures": 0,
      "orchestration_ms": [
        75.84200000000055,
        100.36899999999878,
        77.65900000000147,
        75.68999999999869,
        93.63700000000063,
        115.26499999999942,
        107.27100000000064,
        69.21899999999914,
        119.24799999999959,
        167.85500000000138,
        527.0429999999978,
        279.53099999999904,
        352.3590000000004,
        235.612000000001,
        327.6759999999995,
        230.21800000000076,
        271.79299999999967,
        421.7860000000037,
        298.7609999999986,
        256.71600000000035
      ],
      "active_latency_ms": [
        12526.462,
        17585.942,
        15537.031,
        14120.671999999999,
        15191.619,
        17443.07,
        17090.647,
        14307.58,
        12513.641,
        15469.174,
        19956.532,
        18106.261,
        15341.966,
        16818.112,
        17154.295,
        17938.033,
        15432.866,
        19697.401,
        16980.697,
        22521.559
      ],
      "gross_wallclock_ms": [
        12765.375,
        18042.969,
        15810.402,
        14444.662,
        15438.763,
        17541.18,
        17238.342,
        14594.394,
        12761.502,
        15678.732,
        19956.532,
        18106.261,
        15341.966,
        16818.112,
        17154.295,
        17938.033,
        15536.272,
        19697.401,
        16980.697,
        22521.559
      ],
      "peak_memory_mb": 519.109375
    }
  ],
  "orchestration_ms": {
    "p50": 202.33050000000094,
    "p90": 353.5250000000004,
    "mean": 208.49230000000017,
    "n": 60
  },
  "active_latency_ms": {
    "p50": 16096.047,
    "p90": 20548.4329,
    "mean": 16869.7674,
    "n": 60
  },
  "gross_wallclock_ms": {
    "p50": 16096.047,
    "p90": 20548.4329,
    "mean": 17014.4074,
    "n": 60
  },
  "cli_args": {
    "mode": "py-mp",
    "concurrency": 1,
    "sweep": false,
    "max_n": 64,
    "runs": 3,
    "warmup_queries": 4,
    "queries": "/Users/anna/Desktop/agent-interception/benchmark/queries/chemcrow_20.json",
    "out_root": "/Users/anna/Desktop/agent-interception/benchmark/output/sweep",
    "skip_cold_start": false,
    "reset": true
  },
  "peak_memory_mb": 519.109375,
  "swap_thrash_warning": false
}