{
  "mode": "py-mt",
  "N": 16,
  "llm_transport": "claude-cli",
  "cold_start_ms": 15994.245437992504,
  "warmup_queries": 4,
  "median_per_query_wallclock_ms_at_n1": null,
  "runs": [
    {
      "wallclock_ms": 52162.12427899882,
      "throughput_qps": 0.38341996758081176,
      "num_failures": 0,
      "orchestration_ms": [
        27.411000000000058,
        201.30099999999948,
        35.25,
        28.61699999999837,
        44.85399999999936,
        72.08299999999872,
        84.8660000000018,
        27.141999999999825,
        78.06099999999788,
        113.16799999999785,
        293.1970000000001,
        390.2589999999982,
        455.1179999999986,
        382.48999999999796,
        280.8760000000002,
        336.3129999999983,
        310.3889999999992,
        354.45100000000093,
        458.88400000000183,
        243.28399999999965
      ],
      "active_latency_ms": [
        23793.761,
        20488.92,
        26111.048,
        23329.97,
        24957.884,
        25028.631999999998,
        26131.085000000003,
        28049.887,
        24121.181,
        24800.826999999997,
        25370.768,
        25539.902,
        27138.63,
        33446.646,
        26829.307,
        27254.01,
        17629.938,
        17681.518,
        19359.205,
        27524.941
      ],
      "gross_wallclock_ms": [
        24156.704,
        20696.639,
        26637.564,
        23825.266,
        25538.332,
        25505.152,
        26551.829,
        28604.072,
        24595.339,
        25194.478,
        25370.768,
        25539.902,
        27138.63,
        33446.646,
        26829.307,
        27254.01,
        17670.663,
        17681.518,
        19359.205,
        27524.941
      ],
      "peak_memory_mb": 4379.32421875
    },
    {
      "wallclock_ms": 50246.50376399222,
      "throughput_qps": 0.39803764444865614,
      "num_failures": 0,
      "orchestration_ms": [
        36.29899999999907,
        236.4320000000007,
        43.71299999999974,
        145.92199999999866,
        88.33000000000175,
        97.63799999999901,
        599.2829999999994,
        26.437999999998283,
        364.8520000000026,
        161.78199999999924,
        1210.6809999999969,
        380.30899999999747,
        302.0639999999985,
        594.5289999999986,
        286.6970000000001,
        266.8209999999999,
        403.0400000000009,
        486.1179999999986,
        392.380000000001,
        546.6319999999978
      ],
      "active_latency_ms": [
        26212.451,
        26676.864,
        25735.668,
        24553.466,
        26942.876,
        26753.578999999998,
        25219.804,
        25986.637,
        24006.77,
        25516.07,
        38648.045,
        26654.833,
        33837.137,
        32904.2,
        30150.859,
        27747.327,
        19288.659,
        24988.142,
        18848.231,
        23256.532
      ],
      "gross_wallclock_ms": [
        27397.115,
        27345.329,
        26893.24,
        25236.578,
        27397.624,
        27067.291,
        25219.804,
        26756.214,
        24171.285,
        26251.715,
        38648.045,
        26654.833,
        33837.137,
        32904.2,
        30150.859,
        27747.327,
        19288.659,
        24988.142,
        18848.231,
        23256.532
      ],
      "peak_memory_mb": 4379.32421875
    },
    {
      "wallclock_ms": 60137.42317300057,
      "throughput_qps": 0.3325716158882452,
      "num_failures": 0,
      "orchestration_ms": [
        79.66500000000087,
        198.04999999999563,
        1010.1589999999997,
        45.27700000000186,
        255.03300000000309,
        703.2520000000004,
        138.20100000000093,
        34.56000000000495,
        257.94800000000396,
        536.3470000000016,
        667.6370000000024,
        527.2200000000012,
        754.737000000001,
        554.4539999999979,
        442.1030000000028,
        332.13500000000204,
        312.26900000000023,
        253.52599999999802,
        420.72899999999936,
        421.76800000000003
      ],
      "active_latency_ms": [
        29211.005,
        36757.443,
        29433.785000000003,
        35651.244,
        34485.989,
        32137.554,
        35396.766,
        36265.643000000004,
        36432.361000000004,
        34237.292,
        49365.283,
        46671.863,
        39309.625,
        49582.13,
        40236.509,
        42402.596,
        21820.522,
        29262.815,
        24424.446,
        23051.735
      ],
      "gross_wallclock_ms": [
        30855.908,
        37998.929,
        29482.622,
        36907.784,
        35311.655,
        32137.554,
        36678.1,
        37222.16,
        37121.941,
        34401.823,
        49365.283,
        46671.863,
        39309.625,
        49582.13,
        40236.509,
        42402.596,
        21820.522,
        29262.815,
        24424.446,
        23051.735
      ],
      "peak_memory_mb": 4379.32421875
    }
  ],
  "orchestration_ms": {
    "p50": 289.9470000000001,
    "p90": 595.0043999999988,
    "mean": 313.88406666666657,
    "n": 60
  },
  "active_latency_ms": {
    "p50": 26715.2215,
    "p90": 38714.202999999994,
    "mean": 28910.880266666667,
    "n": 60
  },
  "gross_wallclock_ms": {
    "p50": 27102.9605,
    "p90": 38714.202999999994,
    "mean": 29223.785416666666,
    "n": 60
  },
  "cli_args": {
    "mode": "py-mt",
    "concurrency": 16,
    "sweep": false,
    "max_n": 64,
    "runs": 3,
    "warmup_queries": 4,
    "queries": "/Users/anna/Desktop/agent-interception/benchmark/queries/chemcrow_20.json",
    "out_root": "/Users/anna/Desktop/agent-interception/benchmark/output/sweep",
    "skip_cold_start": false,
    "reset": true
  },
  "peak_memory_mb": 4379.32421875,
  "swap_thrash_warning": false
}