{
  "lang": "go",
  "N": 2,
  "status": "OK",
  "llm_transport": "claude-cli",
  "runs": [
    {
      "wallclock_ms": 263067.04,
      "throughput_qps": 0.07602624791003845,
      "num_failures": 0,
      "num_mcp_race_failures": 0,
      "peak_memory_mb": 721.15234375,
      "thrash_warning": false,
      "rc": 0,
      "orchestration_ms": [
        611.9130000000005,
        350.78899999999703,
        436.73100000000704,
        427.2540000000008,
        427.9569999999985,
        876.9639999999999,
        643.0880000000034,
        1630.5370000000003,
        1406.137999999999,
        371.1729999999952,
        422.8229999999967,
        952.7030000000013,
        348.9399999999987,
        362.15599999999904,
        418.5750000000007,
        247.4979999999996,
        310.46200000000135,
        1958.4069999999992,
        372.9899999999998,
        438.9599999999991
      ],
      "active_latency_ms": [
        34548.766,
        35803.384,
        53117.321,
        21572.409,
        22692.387,
        16962.636,
        34886.347,
        15183.835,
        15537.937,
        33994.001,
        26669.92,
        65945.757,
        19384.404,
        22176.555,
        25437.08,
        18448.451,
        16159.7,
        14298.187,
        12809.623,
        10415.892
      ],
      "gross_wallclock_ms": [
        34548.766,
        35803.384,
        53117.321,
        21572.409,
        22692.387,
        16962.636,
        34886.347,
        15183.835,
        15537.937,
        33994.001,
        26669.92,
        65945.757,
        19384.404,
        22176.555,
        25437.08,
        18448.451,
        16159.7,
        14298.187,
        12809.623,
        10415.892
      ],
      "agent_cpu_time_ms": [
        183.549,
        214.792,
        305.25399999999996,
        106.44800000000004,
        115.84499999999997,
        74.05100000000004,
        157.05599999999993,
        60.110000000000014,
        59.76499999999987,
        133.976,
        99.44299999999998,
        279.33899999999994,
        81.11599999999999,
        93.34899999999993,
        104.39099999999985,
        73.01600000000008,
        66.18900000000008,
        84.30699999999979,
        54.71699999999964,
        26.232999999999947
      ],
      "bash_spawn_ms": [
        2.917,
        3.845,
        2.343,
        4.016,
        3.164,
        3.17,
        2.117,
        3.174,
        3.456,
        2.218,
        3.121,
        3.161,
        2.855,
        3.149,
        2.174,
        2.897,
        2.865,
        2.906,
        3.765,
        6.622,
        3.247,
        3.05,
        3.544,
        3.466,
        3.416,
        4.453,
        5.738,
        6.836,
        4.158,
        2.334,
        2.137,
        3.482,
        2.943,
        3.997,
        4.888,
        4.506,
        26.632,
        2.911,
        5.375,
        10.035,
        4.357,
        5.014,
        2.584,
        6.573,
        2.359,
        2.209,
        2.933,
        2.21,
        2.704,
        3.277,
        2.111,
        2.808,
        2.606,
        3.664,
        3.183,
        2.207,
        4.474,
        3.514,
        3.181,
        3.393,
        2.51,
        3.263,
        2.402,
        2.59,
        3.392,
        3.572,
        3.302,
        3.052,
        3.809,
        3.267,
        2.458,
        2.968,
        2.209,
        3.087,
        3.712,
        5.557,
        4.561,
        2.737,
        3.613,
        7.774,
        2.716
      ],
      "bash_work_ms": [
        2.881,
        4.18,
        361.076,
        369.292,
        358.207,
        93.51,
        23.913,
        946.236,
        416.263,
        930.612,
        950.032,
        20.923,
        1511.263,
        93.503,
        70.647,
        372.318,
        112.947,
        401.061,
        408.179,
        265.356,
        8.386,
        122.262,
        423.46,
        448.228,
        13.454,
        330.66,
        605.785,
        15.009,
        4.939,
        8.389,
        8.572,
        8.373,
        12.496,
        13.159,
        9.853,
        21.123,
        147.174,
        31.289,
        234.539,
        353.775,
        312.444,
        11.09,
        9.148,
        383.612,
        175.57,
        9.331,
        180.067,
        4.289,
        87.628,
        47.256,
        52.951,
        229.351,
        10.118,
        4.408,
        49.134,
        51.857,
        59.616,
        170.214,
        110.135,
        161.123,
        9.34,
        7.399,
        105.542,
        177.14,
        11.911,
        3.938,
        110.212,
        150.737,
        7.132,
        104.28,
        9.219,
        14.677,
        24.616,
        3.171,
        17.257,
        58.606,
        8.634,
        8.677,
        104.786,
        15.145,
        26.203
      ],
      "num_bash_calls": [
        6,
        9,
        2,
        5,
        5,
        2,
        2,
        2,
        1,
        6,
        4,
        15,
        4,
        4,
        3,
        3,
        3,
        1,
        2,
        2
      ]
    },
    {
      "wallclock_ms": 258552.765,
      "throughput_qps": 0.07735364965058486,
      "num_failures": 0,
      "num_mcp_race_failures": 0,
      "peak_memory_mb": 704.0546875,
      "thrash_warning": false,
      "rc": 0,
      "orchestration_ms": [
        503.53299999999945,
        379.38900000000285,
        575.4249999999884,
        272.71199999999953,
        452.14400000000023,
        548.982,
        376.6800000000003,
        1589.690999999999,
        832.1259999999984,
        324.521999999999,
        437.1229999999996,
        602.2989999999991,
        397.6880000000019,
        393.20500000000175,
        324.5020000000004,
        2928.3100000000013,
        509.91200000000026,
        1490.5770000000011,
        325.46000000000095,
        502.7310000000016
      ],
      "active_latency_ms": [
        27635.611,
        37459.051,
        107520.688,
        27179.453,
        31465.743,
        19576.767,
        34927.068,
        16236.758,
        14803.085,
        13414.204,
        21870.781,
        21813.072,
        21512.271,
        20533.508,
        24876.785,
        16115.635,
        16135.965,
        15533.787,
        15682.029,
        10169.762
      ],
      "gross_wallclock_ms": [
        27635.611,
        37459.051,
        107520.688,
        27179.453,
        31465.743,
        19576.767,
        34927.068,
        16236.758,
        14803.085,
        13414.204,
        21870.781,
        21813.072,
        21512.271,
        20533.508,
        24876.785,
        16115.635,
        16135.965,
        15533.787,
        15682.029,
        10169.762
      ],
      "agent_cpu_time_ms": [
        113.63000000000001,
        183.30700000000004,
        391.01700000000005,
        69.26099999999997,
        104.28499999999997,
        64.01600000000008,
        127.28100000000006,
        69.59500000000003,
        71.9960000000001,
        48.791000000000054,
        100.63099999999997,
        97.84000000000003,
        111.69400000000019,
        94.26300000000003,
        131.88300000000004,
        66.68499999999995,
        66.356,
        68.52199999999993,
        77.87300000000005,
        40.12799999999993
      ],