{
  "mode": "py-mp",
  "N": 2,
  "llm_transport": "claude-cli",
  "cold_start_ms": 18765.492744001676,
  "warmup_queries": 4,
  "median_per_query_wallclock_ms_at_n1": null,
  "runs": [
    {
      "wallclock_ms": 192000.62533699383,
      "throughput_qps": 0.1041663274007394,
      "num_failures": 0,
      "orchestration_ms": [
        113.56600000000071,
        130.10499999999956,
        76.98999999999978,
        76.48600000000079,
        142.19900000000052,
        119.2569999999996,
        146.3010000000013,
        71.76900000000023,
        120.19900000000052,
        114.18800000000192,
        257.6970000000001,
        370.60099999999875,
        401.3759999999984,
        272.48299999999654,
        390.27800000000207,
        316.1700000000019,
        297.9599999999991,
        692.0210000000006,
        849.8999999999978,
        668.4599999999991
      ],
      "active_latency_ms": [
        15313.396,
        15140.001999999999,
        13633.327,
        12393.960000000001,
        16248.199,
        14615.334,
        14888.273000000001,
        16500.62,
        13169.778,
        18142.561,
        19454.249,
        15954.731,
        14381.443,
        17182.867,
        16434.687,
        20980.205,
        14505.559,
        17973.734,
        17752.403,
        18877.709
      ],
      "gross_wallclock_ms": [
        15590.768,
        15586.578,
        13873.237,
        12676.898,
        16391.821,
        14900.117,
        15215.08,
        16685.53,
        13481.054,
        18260.907,
        19454.249,
        15954.731,
        14381.443,
        17182.867,
        16434.687,
        20980.205,
        14596.277,
        17973.734,
        17752.403,
        18877.709
      ],
      "peak_memory_mb": 951.40234375
    },
    {
      "wallclock_ms": 186410.64737799752,
      "throughput_qps": 0.1072900088128799,
      "num_failures": 0,
      "orchestration_ms": [
        77.84400000000096,
        101.34599999999955,
        78.56500000000051,
        78.9320000000007,
        148.72700000000077,
        121.91200000000026,
        110.50799999999981,
        71.90499999999884,
        124.35499999999956,
        116.54099999999926,
        274.46800000000076,
        407.0799999999999,
        248.4950000000008,
        2417.654999999999,
        414.56599999999526,
        312.05899999999747,
        271.78199999999924,
        308.71800000000076,
        270.4249999999993,
        414.3140000000003
      ],
      "active_latency_ms": [
        20056.009000000002,
        12918.768999999998,
        15769.323,
        15040.038,
        13019.723,
        13291.061,
        12396.408000000001,
        15125.509999999998,
        14751.064,
        12916.033,
        16364.43,
        14583.156,
        16383.432,
        17481.479,
        20864.474,
        17905.351,
        13915.473,
        21744.865,
        16150.666,
        15785.295
      ],
      "gross_wallclock_ms": [
        20730.519,
        13493.141,
        16157.579,
        15338.945,
        13376.859,
        13575.457,
        12716.883,
        15457.382,
        14994.814,
        13254.81,
        16364.43,
        14583.156,
        16383.432,
        18735.924,
        20864.474,
        17905.351,
        14060.538,
        21744.865,
        16150.666,
        15785.295
      ],
      "peak_memory_mb": 951.40234375
    },
    {
      "wallclock_ms": 203669.48586399667,
      "throughput_qps": 0.09819831338581224,
      "num_failures": 0,
      "orchestration_ms": [
        81.29600000000028,
        127.18899999999849,
        77.85799999999836,
        76.20699999999488,
        94.35900000000038,
        171.23099999999977,
        105.92699999999968,
        73.22899999999936,
        123.08199999999852,
        114.88600000000224,
        573.4310000000005,
        534.3229999999985,
        5.2960000000020955,
        264.8050000000003,
        543.0679999999993,
        633.5000000000018,
        239.27800000000207,
        322.96299999999974,
        375.15099999999984,
        231.61999999999898
      ],
      "active_latency_ms": [
        15174.897,
        16418.03,
        14902.109999999999,
        35777.27,
        12634.1,
        12911.642,
        17374.3,
        18179.788,
        13896.283,
        17718.313000000002,
        20935.036,
        15930.934,
        19595.665,
        17218.889,
        15062.865,
        14790.28,
        18918.875,
        18921.696,
        14600.214,
        20301.02
      ],
      "gross_wallclock_ms": [
        15889.972,
        16582.311,
        15184.135,
        36770.436,
        12911.836,
        13134.389,
        17515.089,
        18361.808,
        14487.19,
        17932.951,
        20935.036,
        15930.934,
        19963.456,
        17218.889,
        15062.865,
        14790.28,
        18918.875,
        18921.696,
        14600.214,
        20301.02
      ],
      "peak_memory_mb": 951.40234375
    }
  ],
  "orchestration_ms": {
    "p50": 159.97900000000027,
    "p90": 546.1042999999995,
    "mean": 279.44836666666646,
    "n": 60
  },
  "active_latency_ms": {
    "p50": 15942.8325,
    "p90": 20080.5101,
    "mean": 16521.13005,
    "n": 60
  },
  "gross_wallclock_ms": {
    "p50": 16052.698499999999,
    "p90": 20343.969900000004,
    "mean": 16722.303283333335,
    "n": 60
  },
  "cli_args": {
    "mode": "py-mp",
    "concurrency": 2,
    "sweep": false,
    "max_n": 64,
    "runs": 3,
    "warmup_queries": 4,
    "queries": "/Users/anna/Desktop/agent-interception/benchmark/queries/chemcrow_20.json",
    "out_root": "/Users/anna/Desktop/agent-interception/benchmark/output/sweep",
    "skip_cold_start": false,
    "reset": true
  },
  "peak_memory_mb": 951.40234375,
  "swap_thrash_warning": false
}