{
  "mode": "py-mp",
  "N": 8,
  "llm_transport": "claude-cli",
  "cold_start_ms": 26243.17026499193,
  "warmup_queries": 4,
  "median_per_query_wallclock_ms_at_n1": null,
  "runs": [
    {
      "wallclock_ms": 78730.86916400644,
      "throughput_qps": 0.2540299657855606,
      "num_failures": 0,
      "orchestration_ms": [
        81.57999999999811,
        146.0020000000004,
        96.20200000000114,
        91.74500000000262,
        102.09199999999691,
        143.06600000000253,
        119.90999999999985,
        119.45899999999892,
        520.6719999999987,
        157.88300000000163,
        536.2039999999979,
        727.0250000000015,
        382.95600000000195,
        542.7389999999978,
        393.46299999999974,
        340.16100000000006,
        276.4220000000023,
        267.70100000000093,
        276.8679999999986,
        405.3040000000001
      ],
      "active_latency_ms": [
        22434.482,
        19645.931,
        20038.783,
        22187.844,
        20250.094999999998,
        19809.201,
        22492.821,
        18352.309,
        20575.228,
        19384.415,
        23454.157,
        25234.931,
        21187.49,
        28193.085,
        19850.279,
        24387.107,
        20493.79,
        19258.665,
        17640.759,
        24704.059
      ],
      "gross_wallclock_ms": [
        22680.116,
        19934.206,
        20345.141,
        22591.103,
        20810.787,
        20130.105,
        22831.09,
        18706.506,
        20618.677,
        19752.918,
        23454.157,
        25234.931,
        21187.49,
        28193.085,
        19850.279,
        24387.107,
        20523.862,
        19258.665,
        17640.759,
        24704.059
      ],
      "peak_memory_mb": 2940.2578125
    },
    {
      "wallclock_ms": 66622.35669199436,
      "throughput_qps": 0.30019952750190376,
      "num_failures": 0,
      "orchestration_ms": [
        354.35199999999895,
        148.73300000000017,
        115.99399999999878,
        114.58599999999933,
        100.44599999999991,
        167.46500000000015,
        109.5570000000007,
        111.32200000000012,
        145.53700000000026,
        237.09499999999753,
        325.4459999999999,
        406.7260000000024,
        442.66200000000026,
        285.65599999999904,
        549.2930000000015,
        425.2230000000018,
        286.78099999999904,
        300.02000000000044,
        305.92399999999907,
        639.5519999999997
      ],
      "active_latency_ms": [
        26120.341,
        17306.503,
        17770.248,
        21926.643,
        21135.028,
        18245.897,
        21575.783,
        18654.12,
        18252.487,
        17552.277,
        19498.087,
        18993.936,
        17525.286,
        29736.944,
        17707.86,
        17139.487,
        19177.251,
        20303.791,
        18200.271,
        16548.682
      ],
      "gross_wallclock_ms": [
        26284.318,
        17665.22,
        18226.264,
        22310.923,
        21616.073,
        18628.915,
        21871.237,
        18941.026,
        19188.42,
        17630.861,
        19498.087,
        18993.936,
        17525.286,
        29736.944,
        17707.86,
        17139.487,
        19443.83,
        20303.791,
        18200.271,
        16548.682
      ],
      "peak_memory_mb": 2940.2578125
    },
    {
      "wallclock_ms": 66735.80572099308,
      "throughput_qps": 0.29968919658534365,
      "num_failures": 0,
      "orchestration_ms": [
        92.66900000000169,
        114.16600000000108,
        112.97499999999854,
        150.4230000000025,
        114.44800000000032,
        194.34299999999712,
        107.10000000000218,
        133.47300000000178,
        144.33399999999892,
        144.14600000000064,
        706.9150000000009,
        477.3679999999986,
        405.77900000000227,
        345.5059999999976,
        358.97099999999773,
        310.67299999999886,
        273.9300000000003,
        316.8810000000012,
        401.53600000000006,
        302.987000000001
      ],
      "active_latency_ms": [
        24554.609,
        20443.809,
        20167.915,
        17897.099000000002,
        19683.546000000002,
        20138.442,
        20958.951,
        19922.95,
        15987.264,
        23444.609,
        22205.759,
        17640.177,
        17354.809,
        19476.778,
        18169.513,
        19616.806,
        15852.455,
        18520.928,
        16310.824,
        17894.504
      ],
      "gross_wallclock_ms": [
        24750.801,
        20670.117,
        20452.434,
        18199.286,
        19931.468,
        20329.175,
        21125.218,
        20123.137,
        16326.592,
        23773.321,
        22205.759,
        17640.177,
        17354.809,
        19476.778,
        18169.513,
        19616.806,
        15973.235,
        18520.928,
        16310.824,
        17894.504
      ],
      "peak_memory_mb": 2940.2578125
    }
  ],
  "orchestration_ms": {
    "p50": 275.1760000000013,
    "p90": 522.2251999999986,
    "mean": 275.1407833333334,
    "n": 60
  },
  "active_latency_ms": {
    "p50": 19664.7385,
    "p90": 24403.8572,
    "mean": 20153.135000000002,
    "n": 60
  },
  "gross_wallclock_ms": {
    "p50": 19890.8735,
    "p90": 24418.8022,
    "mean": 20319.0226,
    "n": 60
  },
  "cli_args": {
    "mode": "py-mp",
    "concurrency": 8,
    "sweep": false,
    "max_n": 64,
    "runs": 3,
    "warmup_queries": 4,
    "queries": "/Users/anna/Desktop/agent-interception/benchmark/queries/chemcrow_20.json",
    "out_root": "/Users/anna/Desktop/agent-interception/benchmark/output/sweep",
    "skip_cold_start": false,
    "reset": true
  },
  "peak_memory_mb": 2940.2578125,
  "swap_thrash_warning": false
}