{
  "lang": "go",
  "N": 16,
  "status": "OK",
  "llm_transport": "claude-cli",
  "runs": [
    {
      "wallclock_ms": 32748.581,
      "throughput_qps": 0.6107134840437819,
      "num_failures": 0,
      "num_mcp_race_failures": 0,
      "peak_memory_mb": 4274.6796875,
      "thrash_warning": false,
      "rc": 0,
      "orchestration_ms": [
        544.382999999998,
        477.40999999999985,
        388.1820000000007,
        308.15899999999965,
        647.8089999999993,
        445.6210000000028,
        374.2689999999984,
        512.0960000000014,
        570.112000000001,
        725.0850000000028,
        451.6999999999971,
        705.4320000000007,
        730.9120000000003,
        616.723,
        669.523000000001,
        396.72700000000077,
        309.7379999999994,
        590.6219999999994,
        317.09400000000096,
        567.4150000000009
      ],
      "active_latency_ms": [
        17587.404,
        16619.048,
        20663.34,
        18293.802,
        16358.817,
        22547.616,
        16478.031,
        16985.66,
        18650.012,
        17713.649,
        20302.796,
        20394.075,
        15902.41,
        15100.502,
        18352.982,
        15066.832,
        7778.882,
        10274.204,
        16835.985,
        8186.27
      ],
      "gross_wallclock_ms": [
        17587.404,
        16619.048,
        20663.34,
        18293.802,
        16358.817,
        22547.616,
        16478.031,
        16985.66,
        18650.012,
        17713.649,
        20302.796,
        20394.075,
        15902.41,
        15100.502,
        18352.982,
        15066.832,
        7778.882,
        10274.204,
        16835.985,
        8186.27
      ],
      "agent_cpu_time_ms": [
        202.126,
        181.422,
        231.35799999999995,
        217.27400000000003,
        191.697,
        243.697,
        182.056,
        196.48199999999997,
        216.882,
        207.30100000000002,
        233.45700000000002,
        222.37599999999998,
        162.621,
        145.666,
        218.823,
        166.436,
        87.04500000000002,
        89.94900000000001,
        86.38499999999999,
        66.69599999999997
      ],
      "calculator_ms": [
        0.025,
        0.024,
        0.025,
        0.02,
        0.024,
        0.025,
        0.033,
        0.025,
        1.054,
        0.024,
        0.019,
        0.024,
        0.047,
        0.019,
        0.03,
        0.026,
        0.021,
        0.027,
        0.025,
        0.019,
        0.017,
        0.053,
        0.05,
        0.042,
        0.259,
        0.092,
        0.025,
        0.027,
        0.019,
        0.025,
        0.025,
        0.022,
        0.025,
        0.025
      ],
      "num_calculator_calls": [
        1,
        1,
        1,
        1,
        1,
        3,
        2,
        1,
        2,
        2,
        3,
        5,
        1,
        1,
        3,
        1,
        1,
        2,
        1,
        1
      ],
      "correct": 18
    },
    {
      "wallclock_ms": 26629.767,
      "throughput_qps": 0.7510392411619673,
      "num_failures": 0,
      "num_mcp_race_failures": 0,
      "peak_memory_mb": 4010.18359375,
      "thrash_warning": false,
      "rc": 0,
      "orchestration_ms": [
        406.04399999999987,
        364.4309999999987,
        399.89700000000084,
        355.09600000000137,
        418.491,
        792.155999999999,
        358.1399999999994,
        510.7519999999986,
        544.5910000000003,
        509.28099999999904,
        327.7330000000002,
        1004.1739999999991,
        507.6369999999988,
        410.59999999999854,
        422.7589999999982,
        325.1150000000016,
        407.35499999999956,
        329.4880000000012,
        291.1139999999996,
        481.41699999999946
      ],
      "active_latency_ms": [
        15688.542,
        15794.474,
        19060.381,
        18200.323,
        15782.198,
        18080.714,
        18518.272,
        16273.175,
        16565.169,
        21624.417,
        24828.018,
        17985.368,
        16332.496,
        16056.032,
        18403.479,
        14758.262,
        11869.204,
        10503.465,
        7584.405,
        10534.042
      ],
      "gross_wallclock_ms": [
        15688.542,
        15794.474,
        19060.381,
        18200.323,
        15782.198,
        18080.714,
        18518.272,
        16273.175,
        16565.169,
        21624.417,
        24828.018,
        17985.368,
        16332.496,
        16056.032,
        18403.479,
        14758.262,
        11869.204,
        10503.465,
        7584.405,
        10534.042
      ],
      "agent_cpu_time_ms": [
        159.41899999999998,
        183.957,
        204.735,
        211.60000000000002,
        133.34699999999998,
        219.68499999999997,
        202.41999999999996,
        183.15200000000002,
        191.314,
        213.613,
        257.71700000000004,
        199.03199999999998,
        175.622,
        177.91500000000002,
        210.126,
        163.36100000000002,
        104.99099999999999,
        87.38499999999999,
        73.33600000000001,
        78.19099999999997
      ],
      "calculator_ms": [
        0.122,
        0.022,
        0.025,
        0.022,
        0.019,
        0.021,
        0.022,
        0.056,
        0.028,
        0.023,
        0.036,
        0.027,
        0.028,
        0.027,
        0.051,
        0.026,
        0.191,
        0.019,
        0.044,
        0.027,
        0.02,
        0.026,
        0.029,
        0.04,
        0.09,
        0.029,
        0.024,
        0.027,
        0.039,
        0.025,
        0.032,
        0.025,
        0.028,
        0.045
      ],
      "num_calculator_calls": [
        1,
        1,
        1,
        1,
        1,
        3,
        2,
        1,
        2,
        2,
        3,
        5,
        1,
        1,
        3,
        1,
        2,
        1,
        1,
        1
      ],
      "correct": 19
    },
    {
      "wallclock_ms": 33106.023,
      "throughput_qps": 0.6041196793707296,
      "num_failures": 0,
      "num_mcp_race_failures": 0,
      "peak_memory_mb": 4047.48046875,
      "thrash_warning": false,
      "rc": 0,
      "orchestration_ms": [
        479.6190000000024,
        547.012999999999,
        606.7759999999998,
        376.60999999999694,
        529.5910000000003,
        512.226999999999,
        420.47199999999975,
        503.5120000000006,
        443.866,
        417.7049999999999,
        492.2520000000004,
        786.2700000000004,
        445.2540000000008,
        503.7559999999994,
        547.5249999999978,
        358.10099999999875,
        303.10699999999997,
        575.1319999999996,
        303.84099999999853,
        328.39699999999993
      ],
      "active_latency_ms": [
        16151.54,
        17534.801,
        14325.44,
        33098.426,
        15303.2,
        19407.747,
        15887.112,
        16716.357,
        15487.846,
        15496.32,
        18889.076,
        22720.952,
        16637.503,
        16223.481,
        18599.386,
        16516.281,
        7873.566,
        13713.603,
        8738.891,
        8020.825
      ],
      "gross_wallclock_ms": [
        16151.54,
        17534.801,
        14325.44,
        33098.426,
        15303.2,
        19407.747,
        15887.112,
        16716.357,
        15487.846,
        15496.32,
        18889.076,
        22720.952,
        16637.503,
        16223.481,
        18599.386,
        16516.281,
        7873.566,
        13713.603,
        8738.891,
        8020.825
      ],