{
  "mode": "go",
  "N": 4,
  "llm_transport": "claude-cli",
  "cold_start_ms": 16916.623,
  "warmup_queries": 4,
  "median_per_query_wallclock_ms_at_n1": null,
  "runs": [
    {
      "wallclock_ms": 96299.952,
      "throughput_qps": 0.20768442335256823,
      "num_failures": 0,
      "orchestration_ms": [
        2313.4540000000015,
        2003.0499999999993,
        2043.1500000000015,
        2578.6620000000003,
        1884.0060000000012,
        1713.224000000002,
        1290.8880000000008,
        1690.1039999999994,
        1797.4560000000001,
        1766.9180000000015,
        5071.779000000002,
        2786.732,
        1701.628999999999,
        3911.315999999999,
        2295.913999999999,
        2857.3460000000014,
        2001.304,
        3583.692000000001,
        2773.3190000000013,
        2328.5339999999997
      ],
      "active_latency_ms": [
        17340.382,
        18614.371,
        18590.767,
        15413.408,
        18992.167,
        19041.024,
        12365.348,
        14871.306,
        11865.346,
        17306.311,
        19094.202,
        15541.173999999999,
        15149.171,
        20976.837,
        15262.983,
        18331.06,
        19607.795000000002,
        15503.411,
        12307.878,
        13223.106
      ],
      "gross_wallclock_ms": [
        17378.593,
        18798.78,
        18879.05,
        17680.253,
        21260.146,
        21283.25,
        16331.994,
        15277.652,
        14284.451,
        17650.437,
        21946.722,
        18516.52,
        17680.746,
        20976.837,
        17934.085,
        18576.149,
        19633.446,
        18133.519,
        16291.977,
        17133.977
      ],
      "peak_memory_mb": 1454.015625
    },
    {
      "wallclock_ms": 95360.226,
      "throughput_qps": 0.20973104656861866,
      "num_failures": 0,
      "orchestration_ms": [
        2021.012999999999,
        2098.8279999999995,
        1678.8669999999984,
        1751.9619999999995,
        1803.4650000000001,
        1808.1609999999982,
        1805.393,
        1892.6430000000018,
        2113.0599999999995,
        2452.235999999999,
        4267.729000000001,
        2568.9259999999995,
        2470.991000000002,
        3958.7040000000015,
        2240.1460000000025,
        2286.3820000000014,
        2401.8909999999996,
        3641.0290000000023,
        3067.928,
        2390.898000000001
      ],
      "active_latency_ms": [
        13413.671,
        14452.845,
        12473.826999999997,
        16713.443,
        15967.931,
        14833.898,
        10640.064,
        17857.294,
        14558.197,
        12966.605,
        13703.794,
        12021.628999999999,
        12939.195,
        16699.958,
        14891.534,
        15476.465,
        14269.227,
        16276.548999999999,
        14365.171,
        13582.264
      ],
      "gross_wallclock_ms": [
        15566.336,
        14722.855,
        33345.896,
        16961.979,
        16216.019,
        15053.694,
        13581.71,
        18191.855,
        14991.954,
        15301.594,
        16084.848,
        15824.688,
        15455.959,
        20068.988,
        18568.31,
        21777.162,
        17344.308,
        19228.382,
        17798.762,
        16312.055
      ],
      "peak_memory_mb": 1454.015625
    },
    {
      "wallclock_ms": 88074.01,
      "throughput_qps": 0.22708174636308714,
      "num_failures": 0,
      "orchestration_ms": [
        1686.9049999999988,
        2444.821,
        1807.9390000000003,
        2311.312,
        1686.262999999999,
        1811.6549999999988,
        1772.955,
        1680.2600000000002,
        1816.2549999999992,
        1306.616,
        4348.134,
        2619.0149999999994,
        2257.5949999999993,
        4054.211000000001,
        2587.896999999999,
        3162.5339999999997,
        2487.215,
        3542.5999999999985,
        2562.036,
        2582.1539999999986
      ],
      "active_latency_ms": [
        16374.109,
        15155.548999999999,
        13348.601999999999,
        14250.305,
        14226.717999999999,
        13444.074,
        12160.023000000001,
        13425.03,
        11760.967,
        11539.9,
        15109.985,
        12684.036,
        12248.976999999999,
        19170.434,
        15077.359,
        14813.947,
        20726.813000000002,
        16186.698,
        13550.37,
        14844.74
      ],
      "gross_wallclock_ms": [
        19472.188,
        15465.705,
        16089.721,
        16869.326,
        14458.154,
        17043.405,
        15661.047,
        15566.711,
        15203.702,
        17553.193,
        17321.264,
        15144.01,
        15799.152,
        19170.434,
        18125.624,
        18902.121,
        20788.472,
        19758.749,
        17592.306,
        17956.035
      ],
      "peak_memory_mb": 1454.015625
    }
  ],
  "orchestration_ms": {
    "p50": 2291.148,
    "p90": 3668.0577000000026,
    "mean": 2427.3516833333333,
    "n": 60
  },
  "active_latency_ms": {
    "p50": 14858.023000000001,
    "p90": 18997.052700000004,
    "mean": 15126.670733333332,
    "n": 60
  },
  "gross_wallclock_ms": {
    "p50": 17465.893,
    "p90": 20807.308500000003,
    "mean": 17699.787616666665,
    "n": 60
  },
  "cli_args": {
    "mode": "go",
    "concurrency": 4,
    "sweep": false,
    "max_n": 64,
    "runs": 3,
    "warmup_queries": 4,
    "queries": "/Users/anna/Desktop/agent-interception/benchmark/queries/chemcrow_20.json",
    "out_root": "/Users/anna/Desktop/agent-interception/benchmark/output/sweep",
    "skip_cold_start": false,
    "reset": true
  },
  "peak_memory_mb": 1454.015625,
  "swap_thrash_warning": false
}