config,query_id,total_latency_ms,tool_search_ms,tool_fetch_ms,tool_summarize_ms,tool_time_ms,llm_time_ms,framework_overhead_ms,tool_time_fraction,llm_time_fraction,num_tool_calls,num_retries,num_parse_errors,num_llm_turns,input_tokens_total,output_tokens_total
A,q002,2289.884,0.16,1474.635,237.643,1712.438,56.756,520.6899999999999,0.7478274008639739,0.024785534987798508,5,0,0,1,64,60
A,q003,860.428,0.08,591.867,211.892,803.8389999999999,54.125,2.4640000000000555,0.9342315684752239,0.06290474043150618,5,0,0,1,116,60
B,q002,688.192,0.055,513.305,112.64000000000001,625.9999999999999,59.804,2.388000000000119,0.9096298707337486,0.08690016739514554,5,0,0,1,64,60
B,q003,843.629,0.051,567.667,217.349,785.067,55.959,2.6030000000000086,0.9305832303062128,0.06633129017613193,5,0,0,1,116,60
C,q002,660.112,0.049,494.855,112.487,607.391,50.489,2.2320000000000064,0.9201332501151319,0.07648550548997746,5,0,0,1,64,60
C,q003,805.46,0.064,532.956,213.85399999999998,746.874,55.955,2.6310000000000144,0.9272639237206068,0.06946961984456086,5,0,0,1,116,60
