config,total_latency_ms_mean,total_latency_ms_p50,total_latency_ms_p95,tool_search_ms_mean,tool_search_ms_p50,tool_search_ms_p95,tool_fetch_ms_mean,tool_fetch_ms_p50,tool_fetch_ms_p95,tool_summarize_ms_mean,tool_summarize_ms_p50,tool_summarize_ms_p95,tool_time_ms_mean,tool_time_ms_p50,tool_time_ms_p95,llm_time_ms_mean,llm_time_ms_p50,llm_time_ms_p95,framework_overhead_ms_mean,framework_overhead_ms_p50,framework_overhead_ms_p95,tool_time_fraction_mean,tool_time_fraction_p50,tool_time_fraction_p95,llm_time_fraction_mean,llm_time_fraction_p50,llm_time_fraction_p95,num_tool_calls_mean,num_tool_calls_p50,num_tool_calls_p95,num_retries_mean,num_retries_p50,num_retries_p95,num_parse_errors_mean,num_parse_errors_p50,num_parse_errors_p95,num_llm_turns_mean,num_llm_turns_p50,num_llm_turns_p95
A,1575.156,1575.156,2218.4112,0.12,0.12,0.156,1033.251,1033.251,1430.4966,224.76749999999998,224.76749999999998,236.35545,1258.1385,1258.1385,1667.0080500000001,55.4405,55.4405,56.62445,261.577,261.577,494.7786999999999,0.8410294846695989,0.8410294846695989,0.9249113600946615,0.04384513770965234,0.04384513770965234,0.060998780159320795,5.0,5.0,5.0,0.0,0.0,0.0,0.0,0.0,0.0,1.0,1.0,1.0
B,765.9105,765.9105,835.85715,0.053,0.053,0.0548,540.486,540.486,564.9489,164.99450000000002,164.99450000000002,212.11354999999998,705.5335,705.5335,777.11365,57.8815,57.8815,59.61175,2.495500000000064,2.495500000000064,2.592250000000014,0.9201065505199807,0.9201065505199807,0.9295355623275896,0.07661572878563874,0.07661572878563874,0.08587172353419487,5.0,5.0,5.0,0.0,0.0,0.0,0.0,0.0,0.0,1.0,1.0,1.0
C,732.7860000000001,732.7860000000001,798.1926,0.0565,0.0565,0.06325,513.9055000000001,513.9055000000001,531.0509500000001,163.1705,163.1705,208.78564999999998,677.1324999999999,677.1324999999999,739.89985,53.221999999999994,53.221999999999994,55.6817,2.4315000000000104,2.4315000000000104,2.611050000000014,0.9236985869178693,0.9236985869178693,0.9269073900403331,0.07297756266726915,0.07297756266726915,0.07613471120770662,5.0,5.0,5.0,0.0,0.0,0.0,0.0,0.0,0.0,1.0,1.0,1.0
