{
  "mode": "go",
  "N": 8,
  "llm_transport": "claude-cli",
  "cold_start_ms": 17528.688,
  "warmup_queries": 4,
  "median_per_query_wallclock_ms_at_n1": null,
  "runs": [
    {
      "wallclock_ms": 61168.526,
      "throughput_qps": 0.32696553779961934,
      "num_failures": 1,
      "orchestration_ms": [
        1744.8609999999971,
        2416.5910000000003,
        2588.1589999999997,
        2534.2430000000004,
        2554.5229999999992,
        2593.411,
        2633.558000000001,
        2676.9410000000007,
        2702.761999999999,
        2270.7790000000023,
        4218.0790000000015,
        3727.0579999999973,
        3064.528000000002,
        4591.309000000001,
        3000.9940000000006,
        2730.992000000002,
        2481.0390000000007,
        4341.998,
        3539.3600000000006,
        2934.7740000000013
      ],
      "active_latency_ms": [
        19129.871,
        19274.056,
        18703.018,
        18071.856,
        17921.103,
        21017.9,
        19220.551,
        18052.141,
        18434.426,
        18827.207000000002,
        24064.166,
        30030.602,
        19557.666,
        20034.713,
        17827.345,
        18745.935,
        23265.879,
        21778.48,
        23327.64,
        15877.557
      ],
      "gross_wallclock_ms": [
        19911.356,
        19514.549,
        18935.911,
        18260.483,
        18178.054,
        21178.817,
        19443.708,
        18096.442,
        18605.629,
        19074.29,
        24064.166,
        30030.602,
        19580.347,
        20034.713,
        17827.345,
        18745.935,
        23430.051,
        21778.48,
        23424.876,
        16033.986
      ],
      "go_stdout_tail": "ect! Here's a comprehensive analysis of aspirin:  ## Aspirin (Acetylsalicylic Acid) **Chemical F...\"\n  [  6/20] q006 ok  (21.18s) answer=\"Excellent! Here's a comprehensive analysis of **diphenhydramine**:  ## Structure Information - **SMI...\"\n  [  9/20] q009 ok  (18.61s) answer=\"## Atenolol Analysis Results  **Molecular Formula:** C\u2081\u2083H\u2082\u2081NO\u2083  **SMILES:** `CC(C)NCC(COC1...\"\n  [ 10/20] q010 ok  (19.08s) answer=\"Perfect! Here's a comprehensive analysis of **propranolol**:  ## Molecular Structure **SMILES:** `CC...\"\n  [ 15/20] q015 ok  (17.83s) answer=\"## Rifampicin Analysis  **Molecular Information:** - **IUPAC Name:** Rifampicin (also known as rifam...\"\n  [ 13/20] q013 ok  (19.58s) answer=\"## Erythromycin Analysis  I've successfully analyzed erythromycin. Here are the results:  ### **3D C...\"\n  [ 14/20] q014 ok  (20.04s) answer=\"## Cyclosporine Analysis  ### Molecular Structure **Molecular Formula:** C\u2086\u2082H\u2081\u2081\u2081NO\u2081\u2082 (...\"\n  [ 16/20] q016 ok  (18.75s) answer=\"## Amphotericin B - 3D Structure & Molecular Descriptors  ### 3D Conformer Generation \u2713 **Successf...\"\n  [ 11/20] q011 ok  (24.07s) answer=\"## Paclitaxel Analysis  ### Molecular Information - **Common Name**: Paclitaxel (Taxol) - **SMILES**...\"\n  [ 12/20] q012 ok  (30.03s) answer=\"Excellent! Here's a comprehensive analysis of **vincristine**, a complex alkaloid anticancer drug:  ...\"\n  [ 20/20] q020 ok  (16.03s) answer=\"Excellent! Here's a comprehensive analysis of **tacrolimus**:  ## Molecule Identification - **IUPAC ...\"\n  [ 18/20] q018 ok  (21.78s) answer=\"## Vancomycin: Structure and Molecular Descriptors  I've successfully looked up vancomycin, generate...\"\n  [ 17/20] q017 ok  (23.43s) answer=\"## Doxorubicin Analysis Results  I've successfully analyzed doxorubicin. Here are the key findings: ...\"\n  [ 19/20] q019 ok  (23.43s) answer=\"## Sirolimus - 3D Structure and Molecular Descriptors  **Molecule Information:** - **IUPAC Name:** S...\"\nWALLCLOCK_MS=61168.526\n[run] done. 19/20 succeeded, 1 failed. wallclock=61.17s\n",
      "go_stderr_tail": "",
      "go_returncode": 1,
      "peak_memory_mb": 2644.8671875
    },
    {
      "wallclock_ms": 63927.859,
      "throughput_qps": 0.3128526484830346,
      "num_failures": 0,
      "orchestration_ms": [
        3072.4569999999985,
        3149.5190000000002,
        2800.6800000000003,
        3012.2270000000026,
        2717.2429999999986,
        3086.224000000002,
        2477.926000000003,
        3330.586000000001,
        3216.3910000000033,
        3019.661,
        7563.625,
        4517.744000000001,
        4727.605,
        6789.220000000001,
        3916.156000000001,
        5967.7880000000005,
        2797.797999999999,
        5503.375999999998,
        4448.015000000003,
        3625.826000000001
      ],
      "active_latency_ms": [
        21363.327999999998,
        19326.987,
        19871.446,
        22129.561,
        23576.067,
        19995.307,
        25415.312,
        18765.472,
        22117.572,
        17166.734,
        24395.858,
        20346.592,
        21815.231,
        24082.571,
        18282.577,
        23689.794,
        18125.921,
        21878.421,
        21803.524,
        21504.897
      ],
      "gross_wallclock_ms": [
        22011.849,
        19501.107,
        19893.8,
        22697.144,
        23925.018,
        20318.53,
        25687.271,
        18856.321,
        22213.513,
        17402.736,
        24395.858,
        21168.772,
        21962.207,
        24082.571,
        18282.577,
        23689.794,
        18265.347,
        21878.421,
        21803.524,
        21713.588
      ],
      "go_stdout_tail": "al Structure Information:** - **SMILES:** CC(C1=CC2=C(C=C1)C=C(C=C2)OC...\"\n  [  7/20] q007 ok  (25.69s) answer=\"## Lidocaine: 3D Structure and Molecular Descriptors  **Molecular Formula & Structure:** - **SMILES:...\"\n  [ 10/20] q010 ok  (17.40s) answer=\"## Propranolol: 3D Structure and Molecular Descriptors  **Molecular Formula:** CC(C)NCC(COC1=CC=CC2=...\"\n  [  9/20] q009 ok  (22.21s) answer=\"## Atenolol Analysis  **Molecular Identification:** - **Name:** Atenolol - **SMILES:** `CC(C)NCC(COC...\"\n  [ 12/20] q012 ok  (21.17s) answer=\"## Vincristine Analysis Results  **Molecular Lookup:** - **Common Name:** Vincristine - **SMILES:** ...\"\n  [ 15/20] q015 ok  (18.28s) answer=\"## Rifampicin Analysis  **Molecular Formula & Identity:** - **Name:** Rifampicin (also known as rifa...\"\n  [ 13/20] q013 ok  (21.96s) answer=\"## Erythromycin: 3D Structure and Molecular Descriptors  I've successfully analyzed erythromycin. He...\"\n  [ 11/20] q011 ok  (24.40s) answer=\"Perfect! Here's a comprehensive analysis of **paclitaxel**:  ## Molecular Lookup - **Name:** Paclita...\"\n  [ 14/20] q014 ok  (24.08s) answer=\"## Cyclosporine Analysis  I've successfully analyzed cyclosporine. Here are the results:  ### 3D Str...\"\n  [ 16/20] q016 ok  (23.69s) answer=\"## Amphotericin B Analysis  ### Molecular Information **Amphotericin B** is a polyene macrolide anti...\"\n  [ 17/20] q017 ok  (18.27s) answer=\"## Doxorubicin Analysis  **Molecular Overview:** - **SMILES:** CC1C(C(CC(O1)OC2CC(CC3=C2C(=C4C(=C3O)...\"\n  [ 18/20] q018 ok  (21.88s) answer=\"## Vancomycin Analysis Results  I've successfully looked up vancomycin and generated its 3D structur...\"\n  [ 19/20] q019 ok  (21.80s) answer=\"## Sirolimus Analysis Results  **Molecular Structure Information:** - **SMILES:** CC1CCC2CC(C(=CC=CC...\"\n  [ 20/20] q020 ok  (21.71s) answer=\"## Tacrolimus Analysis  **Molecular Information:** - **Name:** Tacrolimus (also known as FK-506) - *...\"\nWALLCLOCK_MS=63927.859\n[run] done. 20/20 succeeded, 0 failed. wallclock=63.93s\n",
      "go_stderr_tail": "",
      "go_returncode": 0,
      "peak_memory_mb": 2644.8671875
    },
    {
      "wallclock_ms": 64566.008,
      "throughput_qps": 0.3097605167102789,
      "num_failures": 0,