{
  "lang": "go",
  "N": 1,
  "status": "OK",
  "llm_transport": "claude-cli",
  "runs": [
    {
      "wallclock_ms": 191273.667,
      "throughput_qps": 0.10456222392599396,
      "num_failures": 0,
      "num_mcp_race_failures": 0,
      "peak_memory_mb": 343.16796875,
      "thrash_warning": false,
      "rc": 0,
      "orchestration_ms": [
        294.64600000000064,
        301.6939999999995,
        332.5649999999987,
        470.66300000000047,
        341.72599999999966,
        377.994999999999,
        408.8090000000002,
        300.71700000000055,
        366.6720000000005,
        285.77499999999964,
        399.26900000000023,
        572.5429999999997,
        405.21799999999985,
        573.2160000000003,
        402.4499999999989,
        303.15699999999924,
        314.15799999999945,
        316.89799999999923,
        298.4859999999999,
        702.1059999999998
      ],
      "active_latency_ms": [
        14936.132,
        7558.892,
        12551.3,
        9070.637,
        7547.453,
        12936.042,
        7143.488,
        9880.553,
        9336.169,
        10063.028,
        12310.85,
        11834.377,
        8279.385,
        10636.797,
        8872.239,
        7196.476,
        8294.284,
        9094.821,
        6174.928,
        7514.257
      ],
      "gross_wallclock_ms": [
        14936.132,
        7558.892,
        12551.3,
        9070.637,
        7547.453,
        12936.042,
        7143.488,
        9880.553,
        9336.169,
        10063.028,
        12310.85,
        11834.377,
        8279.385,
        10636.797,
        8872.239,
        7196.476,
        8294.284,
        9094.821,
        6174.928,
        7514.257
      ],
      "agent_cpu_time_ms": [
        17.546999999999997,
        10.299999999999997,
        15.596000000000004,
        10.953999999999994,
        11.966999999999985,
        15.033999999999992,
        13.242000000000004,
        10.936999999999983,
        11.552999999999997,
        12.37299999999999,
        19.726,
        21.86700000000002,
        11.858000000000004,
        12.521000000000015,
        14.048000000000002,
        9.440999999999917,
        11.234999999999957,
        20.363,
        9.76299999999992,
        14.576000000000022
      ],
      "calculator_ms": [
        0.882,
        0.023,
        0.035,
        0.027,
        0.021,
        0.052,
        0.025,
        0.028,
        0.03,
        0.023,
        0.045,
        0.026,
        0.019,
        0.026,
        0.022,
        0.034,
        0.018,
        0.034,
        0.027,
        0.035,
        0.025,
        0.023,
        0.029,
        0.034,
        0.073,
        0.043,
        0.032,
        0.024,
        0.04,
        0.041,
        0.043,
        0.027,
        0.048
      ],
      "num_calculator_calls": [
        1,
        1,
        1,
        1,
        1,
        3,
        2,
        1,
        2,
        2,
        3,
        5,
        1,
        1,
        3,
        1,
        1,
        1,
        1,
        1
      ],
      "correct": 19
    },
    {
      "wallclock_ms": 177850.263,
      "throughput_qps": 0.11245414914005496,
      "num_failures": 0,
      "num_mcp_race_failures": 0,
      "peak_memory_mb": 362.70703125,
      "thrash_warning": false,
      "rc": 0,
      "orchestration_ms": [
        304.8949999999995,
        283.9249999999993,
        354.27100000000064,
        316.9469999999983,
        322.02000000000044,
        313.8780000000006,
        424.72400000000016,
        300.4399999999996,
        412.07600000000093,
        462.9400000000005,
        423.47299999999996,
        520.2939999999999,
        323.8900000000003,
        427.70700000000033,
        451.6819999999989,
        349.54399999999987,
        317.84699999999975,
        332.3339999999989,
        316.03600000000097,
        341.2429999999995
      ],
      "active_latency_ms": [
        7295.674,
        7789.396,
        10243.608,
        8671.969,
        7575.466,
        10037.226,
        10172.528,
        8092.334,
        12402.781,
        9138.745,
        10296.286,
        11870.77,
        7988.323,
        6649.732,
        9092.16,
        6765.75,
        8736.403,
        10070.291,
        7314.863,
        7655.901
      ],
      "gross_wallclock_ms": [
        7295.674,
        7789.396,
        10243.608,
        8671.969,
        7575.466,
        10037.226,
        10172.528,
        8092.334,
        12402.781,
        9138.745,
        10296.286,
        11870.77,
        7988.323,
        6649.732,
        9092.16,
        6765.75,
        8736.403,
        10070.291,
        7314.863,
        7655.901
      ],
      "agent_cpu_time_ms": [
        10.982,
        12.334000000000003,
        13.258000000000003,
        12.09899999999999,
        8.899999999999991,
        15.673000000000002,
        12.447999999999993,
        12.36,
        14.001999999999981,
        13.355000000000018,
        14.148000000000025,
        22.62099999999998,
        10.605999999999995,
        12.609000000000009,
        12.957000000000022,
        12.742999999999995,
        10.951999999999998,
        16.489999999999952,
        10.747000000000071,
        12.511000000000024
      ],
      "calculator_ms": [
        0.043,
        0.033,
        0.023,
        0.02,
        0.03,
        0.02,
        0.018,
        0.027,
        0.023,
        0.031,
        0.041,
        0.026,
        0.025,
        0.041,
        0.034,
        0.026,
        2.01,
        0.041,
        0.042,
        0.023,
        0.047,
        0.026,
        0.026,
        0.04,
        0.049,
        0.027,
        0.024,
        0.021,
        0.023,
        0.027,
        0.069,
        0.03,
        0.027,
        0.039
      ],
      "num_calculator_calls": [
        1,
        1,
        1,
        1,
        1,
        3,
        2,
        1,
        2,
        2,
        3,
        5,
        1,
        1,
        3,
        1,
        1,
        2,
        1,
        1
      ],
      "correct": 19
    },
    {
      "wallclock_ms": 198077.323,
      "throughput_qps": 0.1009706699236843,
      "num_failures": 0,
      "num_mcp_race_failures": 0,
      "peak_memory_mb": 361.7265625,
      "thrash_warning": false,
      "rc": 0,
      "orchestration_ms": [
        353.0029999999988,
        273.1970000000001,
        345.99099999999817,
        345.0049999999992,
        416.73199999999997,
        434.95400000000154,
        342.4409999999989,
        330.1690000000008,
        415.98699999999917,
        298.1740000000009,
        388.90899999999965,
        292.0709999999999,
        348.16799999999967,
        301.96600000000035,
        435.5580000000009,
        310.1819999999998,
        288.89600000000064,
        384.03900000000067,
        295.7609999999995,
        307.47800000000007
      ],
      "active_latency_ms": [
        9790.811,
        6910.212,
        11377.677,
        9527.607,
        7144.446,
        11103.77,
        11517.585,
        7077.395,
        9890.366,
        11413.464,
        11722.868,
        20385.834,
        7176.128,
        8386.641,
        10699.697,
        7437.089,
        8408,
        13705.397,
        7410.838,
        6973.832
      ],
      "gross_wallclock_ms": [
        9790.811,
        6910.212,
        11377.677,
        9527.607,
        7144.446,
        11103.77,
        11517.585,
        7077.395,
        9890.366,
        11413.464,
        11722.868,
        20385.834,
        7176.128,
        8386.641,
        10699.697,
        7437.089,
        8408,
        13705.397,
        7410.838,
        6973.832
      ],