{
  "lang": "python",
  "N": 1,
  "status": "OK",
  "llm_transport": "claude-cli",
  "runs": [
    {
      "wallclock_ms": 193680.0,
      "throughput_qps": 0.10326311441553077,
      "num_failures": 0,
      "num_mcp_race_failures": 0,
      "peak_memory_mb": 381.75390625,
      "thrash_warning": false,
      "rc": 0,
      "orchestration_ms": [
        310.26800000000003,
        280.6989999999996,
        265.6909999999989,
        338.97599999999875,
        304.6329999999998,
        375.34100000000035,
        401.52800000000025,
        313.72500000000036,
        319.47200000000066,
        344.7399999999998,
        412.09100000000035,
        505.53700000000026,
        342.33200000000033,
        320.9400000000005,
        354.134,
        832.1970000000001,
        542.0740000000005,
        320.97999999999956,
        327.76900000000023,
        271.1209999999992
      ],
      "active_latency_ms": [
        8640.31,
        7145.471,
        11910.712,
        10127.326,
        7578.489,
        12280.026,
        10030.197,
        7263.961,
        7937.725,
        8135.767,
        11412.378,
        11037.91,
        10996.923,
        7406.023,
        8708.343,
        9592.89,
        9669.745,
        10094.081,
        6664.65,
        16968.27
      ],
      "gross_wallclock_ms": [
        8640.31,
        7145.471,
        11910.712,
        10127.326,
        7578.489,
        12280.026,
        10030.197,
        7263.961,
        7937.725,
        8135.767,
        11412.378,
        11037.91,
        10996.923,
        7406.023,
        8708.343,
        9592.89,
        9669.745,
        10094.081,
        6664.65,
        16968.27
      ],
      "agent_cpu_time_ms": [
        26.450999999999567,
        25.545000000000073,
        27.338000000000648,
        26.58600000000024,
        25.426000000000386,
        33.36000000000013,
        49.36700000000019,
        27.07299999999941,
        29.56399999999985,
        31.57900000000018,
        49.54100000000017,
        45.417999999999665,
        23.96900000000005,
        25.909999999999854,
        31.210999999999785,
        26.789999999999964,
        28.01700000000028,
        32.238000000000284,
        25.543000000000575,
        25.13899999999967
      ],
      "calculator_ms": [
        0.409,
        0.321,
        0.421,
        0.406,
        0.418,
        0.311,
        0.2,
        0.221,
        0.432,
        0.235,
        0.496,
        0.405,
        0.174,
        0.394,
        0.214,
        0.259,
        0.234,
        0.308,
        0.428,
        0.145,
        0.23,
        0.192,
        0.227,
        0.34,
        0.446,
        0.325,
        0.159,
        0.393,
        0.415,
        0.413,
        0.258,
        0.402,
        0.407
      ],
      "num_calculator_calls": [
        1,
        1,
        1,
        1,
        1,
        3,
        2,
        1,
        2,
        2,
        3,
        5,
        1,
        1,
        2,
        1,
        1,
        2,
        1,
        1
      ],
      "correct": 18
    },
    {
      "wallclock_ms": 181740.0,
      "throughput_qps": 0.11004732034774953,
      "num_failures": 0,
      "num_mcp_race_failures": 0,
      "peak_memory_mb": 377.96875,
      "thrash_warning": false,
      "rc": 0,
      "orchestration_ms": [
        281.3079999999991,
        342.8810000000003,
        304.32600000000093,
        301.4960000000001,
        309.1200000000008,
        476.0029999999988,
        354.6940000000004,
        306.13800000000083,
        396.59000000000106,
        844.152,
        439.2529999999988,
        604.8979999999992,
        414.29299999999967,
        289.4910000000009,
        856.777,
        307.16699999999946,
        302.6799999999994,
        393.96399999999994,
        324.16299999999865,
        360.3769999999995
      ],
      "active_latency_ms": [
        6950.61,
        7090.3,
        8945.808,
        7656.679,
        9342.432,
        12337.801,
        7358.173,
        8887.304,
        8294.075,
        6983.554,
        12377.282,
        12824.363,
        7292.549,
        7796.698,
        12223.193,
        9533.597,
        7770.052,
        11662.641,
        8354.817,
        7974.017
      ],
      "gross_wallclock_ms": [
        6950.61,
        7090.3,
        8945.808,
        7656.679,
        9342.432,
        12337.801,
        7358.173,
        8887.304,
        8294.075,
        6983.554,
        12377.282,
        12824.363,
        7292.549,
        7796.698,
        12223.193,
        9533.597,
        7770.052,
        11662.641,
        8354.817,
        7974.017
      ],
      "agent_cpu_time_ms": [
        25.05699999999979,
        22.673999999999978,
        25.9699999999998,
        23.516999999999825,
        25.974999999999454,
        34.95500000000038,
        45.37900000000013,
        26.11500000000001,
        29.39300000000003,
        28.092999999999847,
        61.33899999999949,
        40.19399999999996,
        24.11499999999978,
        23.426000000000386,
        37.15899999999965,
        25.1070000000002,
        22.253999999999905,
        36.38400000000047,
        24.402999999999793,
        24.912999999999556
      ],
      "calculator_ms": [
        0.433,
        0.381,
        0.395,
        0.305,
        0.404,
        0.386,
        0.242,
        0.274,
        0.559,
        0.401,
        0.377,
        0.23,
        0.381,
        0.227,
        0.317,
        0.198,
        0.199,
        0.498,
        0.165,
        0.172,
        0.148,
        0.174,
        0.433,
        0.414,
        0.342,
        0.231,
        0.227,
        0.38,
        0.309,
        0.453,
        0.234,
        0.254,
        0.3,
        0.359
      ],
      "num_calculator_calls": [
        1,
        1,
        1,
        1,
        1,
        3,
        1,
        1,
        2,
        2,
        3,
        5,
        1,
        1,
        3,
        1,
        1,
        3,
        1,
        1
      ],
      "correct": 18
    },
    {
      "wallclock_ms": 197620.0,
      "throughput_qps": 0.10120433154539014,
      "num_failures": 0,
      "num_mcp_race_failures": 0,
      "peak_memory_mb": 382.04296875,
      "thrash_warning": false,
      "rc": 0,
      "orchestration_ms": [
        355.2000000000007,
        268.3190000000004,
        343.4519999999993,
        332.85200000000077,
        360.5059999999994,
        645.9189999999999,
        400.8219999999992,
        332.02599999999893,
        295.5749999999989,
        406.3250000000007,
        612.7780000000021,
        542.3850000000002,
        311.954999999999,
        266.8599999999997,
        894.8339999999989,
        416.875,
        413.4230000000007,
        326.6369999999997,
        417.21399999999994,
        378.3949999999995
      ],
      "active_latency_ms": [
        8682.754,
        6759.27,
        10838.585,
        11790.627,
        10823.568,
        15656.803,
        8501.57,
        8209.782,
        9137.345,
        8296.261,
        17781.955,
        13038.111,
        7692.784,
        7792.901,
        13432.721,
        6825.149,
        9581.566,
        7451.009,
        7582.354,
        7675.096
      ],
      "gross_wallclock_ms": [
        8682.754,
        6759.27,
        10838.585,
        11790.627,
        10823.568,
        15656.803,
        8501.57,
        8209.782,
        9137.345,
        8296.261,
        17781.955,
        13038.111,
        7692.784,
        7792.901,
        13432.721,
        6825.149,
        9581.566,
        7451.009,
        7582.354,
        7675.096
      ],