{
  "lang": "python",
  "N": 4,
  "status": "OK",
  "llm_transport": "claude-cli",
  "runs": [
    {
      "wallclock_ms": 152840.0,
      "throughput_qps": 0.13085579691180318,
      "num_failures": 0,
      "num_mcp_race_failures": 0,
      "peak_memory_mb": 1334.0,
      "thrash_warning": false,
      "rc": 0,
      "orchestration_ms": [
        686.5399999999972,
        320.04499999999825,
        274.18599999999424,
        431.40399999999863,
        545.3829999999944,
        778.6270000000004,
        1466.8869999999988,
        1973.0149999999994,
        1257.273000000001,
        316.0579999999991,
        304.1310000000012,
        540.1710000000021,
        340.97399999999834,
        351.04699999999866,
        465.867000000002,
        2584.875,
        367.15499999999884,
        1076.2979999999989,
        626.9089999999997,
        358.39400000000023
      ],
      "active_latency_ms": [
        33200.03,
        20516.134,
        61417.219,
        20746.277,
        56957.147,
        14388.726,
        21174.903,
        16145.232,
        19714.791,
        12301.265,
        19957.27,
        40746.599,
        22708.206,
        23514.677,
        28525.448,
        15635.198,
        13726.954,
        18532.674,
        15647.448,
        10125.288
      ],
      "gross_wallclock_ms": [
        33200.03,
        20516.134,
        61417.219,
        20746.277,
        56957.147,
        14388.726,
        21174.903,
        16145.232,
        19714.791,
        12301.265,
        19957.27,
        40746.599,
        22708.206,
        23514.677,
        28525.448,
        15635.198,
        13726.954,
        18532.674,
        15647.448,
        10125.288
      ],
      "agent_cpu_time_ms": [
        701.1510000000003,
        373.63299999999936,
        320.9879999999994,
        189.5960000000009,
        984.8700000000001,
        191.57000000000016,
        331.66799999999967,
        354.00199999999995,
        362.0859999999998,
        224.66600000000017,
        224.38999999999987,
        740.0520000000001,
        340.54399999999987,
        376.63300000000027,
        565.6379999999999,
        338.47299999999996,
        220.29700000000003,
        334.23199999999997,
        277.50399999999945,
        163.35899999999947
      ],
      "bash_spawn_ms": [
        6.16,
        5.192,
        4.578,
        4.202,
        6.426,
        5.099,
        5.567,
        6.549,
        5.902,
        4.507,
        5.219,
        5.063,
        5.053,
        6.179,
        6.027,
        5.307,
        4.462,
        7.134,
        6.27,
        6.104,
        5.695,
        5.404,
        4.583,
        6.206,
        5.207,
        4.686,
        5.256,
        4.569,
        4.406,
        5.262,
        5.112,
        6.091,
        4.518,
        5.132,
        4.766,
        5.167,
        6.336,
        5.275,
        5.672,
        4.996,
        6.483,
        6.265,
        5.278,
        6.458,
        5.866,
        7.482,
        5.471,
        5.136,
        44.395,
        6.077,
        7.746,
        17.549,
        5.821,
        6.979,
        5.598,
        5.99,
        5.871,
        6.23,
        4.616,
        4.996,
        5.51,
        5.851,
        4.853,
        4.21
      ],
      "bash_work_ms": [
        2.241,
        382.772,
        475.031,
        365.159,
        24.99,
        99.37,
        22.474,
        952.563,
        2.4,
        941.208,
        432.303,
        378.034,
        380.448,
        378.363,
        47.837,
        410.954,
        424.663,
        168.91,
        409.001,
        412.194,
        706.514,
        431.558,
        485.619,
        8.816,
        876.25,
        2408.3,
        148.041,
        140.758,
        10.69,
        3.537,
        8.093,
        4.857,
        13.127,
        4.005,
        8.445,
        90.445,
        88.211,
        213.357,
        8.928,
        136.131,
        193.877,
        8.273,
        221.579,
        4.137,
        109.589,
        182.243,
        9.959,
        129.731,
        236.916,
        10.262,
        5.262,
        113.678,
        150.38,
        11.885,
        107.162,
        12.016,
        2.828,
        11.203,
        41.958,
        9.095,
        2.856,
        71.485,
        8.595,
        19.758
      ],
      "num_bash_calls": [
        6,
        4,
        5,
        3,
        10,
        2,
        2,
        2,
        2,
        1,
        3,
        5,
        3,
        4,
        3,
        1,
        3,
        1,
        2,
        2
      ]
    },
    {
      "wallclock_ms": 165010.0,
      "throughput_qps": 0.12120477546815345,
      "num_failures": 0,
      "num_mcp_race_failures": 0,
      "peak_memory_mb": 1259.68359375,
      "thrash_warning": false,
      "rc": 0,
      "orchestration_ms": [
        430.61099999999715,
        741.4900000000052,
        574.2040000000052,
        392.48199999999633,
        259.78499999999985,
        792.5639999999985,
        1277.4370000000017,
        827.9599999999991,
        936.2020000000011,
        318.4309999999987,
        335.71800000000076,
        680.0299999999988,
        312.0629999999983,
        402.1990000000005,
        508.90999999999985,
        387.9989999999998,
        534.2929999999997,
        1844.6000000000022,
        2829.584999999999,
        318.8649999999998
      ],
      "active_latency_ms": [
        42399.151,
        48650.908,
        54440.91,
        27948.064,
        30280.53,
        17895.837,
        22178.309,
        41644.804,
        21647.969,
        9760.222,
        20952.893,
        60571.114,
        24712.958,
        23613.2,
        29102.459,
        13732.813,
        14699.862,
        23090.169,
        32676.154,
        11728.595
      ],
      "gross_wallclock_ms": [
        42399.151,
        48650.908,
        54440.91,
        27948.064,
        30280.53,
        17895.837,
        22178.309,
        41644.804,
        21647.969,
        9760.222,
        20952.893,
        60571.114,
        24712.958,
        23613.2,
        29102.459,
        13732.813,
        14699.862,
        23090.169,
        32676.154,
        11728.595
      ],
      "agent_cpu_time_ms": [
        612.8430000000003,
        694.4899999999998,
        333.71800000000076,
        241.41399999999885,
        604.4600000000005,
        279.5340000000001,
        381.3640000000005,
        630.9160000000006,
        269.69000000000005,
        149.22299999999996,
        282.40599999999995,
        1068.3829999999998,
        326.82000000000016,
        393.3139999999994,
        469.5739999999996,
        175.69599999999946,
        224.8139999999994,
        488.87300000000005,
        588.1320000000001,
        151.61599999999953
      ],
      "bash_spawn_ms": [
        5.431,
        5.201,
        4.886,
        5.285,
        4.712,
        6.968,
        6.872,
        5.012,
        5.558,
        4.823,
        4.911,
        3.788,
        4.746,
        5.988,
        4.598,
        3.765,
        3.92,
        6.207,
        5.324,
        5.426,
        4.22,
        22.033,
        6.574,
        5.024,
        10.654,
        5.037,
        6.134,
        5.701,
        5.232,
        5.716,
        5.013,
        7.447,
        21.781,
        3.827,
        3.851,
        4.971,
        5.075,
        5.161,
        4.223,
        5.375,
        5.028,
        20.954,
        10.272,
        8.725,
        6.261,
        5.541,
        15.391,
        5.745,
        8.19,
        5.809,
        5.816,
        6.794,
        5.494,
        6.815,
        5.543,
        8.418,
        5.878,
        9.603,
        6.168,
        6.654,
        4.118,
        4.515,
        4.718,
        5.231,
        5.592,
        4.936,
        24.363,
        21.929,
        5.779,
        6.101
      ],