{
  "lang": "python",
  "N": 2,
  "status": "OK",
  "llm_transport": "claude-cli",
  "runs": [
    {
      "wallclock_ms": 316000.0,
      "throughput_qps": 0.06329113924050633,
      "num_failures": 0,
      "num_mcp_race_failures": 0,
      "peak_memory_mb": 716.11328125,
      "thrash_warning": false,
      "rc": 0,
      "orchestration_ms": [
        444.63499999999476,
        629.4259999999995,
        431.80899999999383,
        542.4499999999971,
        436.6680000000051,
        703.1939999999995,
        1629.9860000000008,
        1008.1800000000003,
        1365.0939999999991,
        598.3549999999996,
        1410.7659999999996,
        489.1299999999974,
        419.29599999999846,
        325.70600000000195,
        320.6339999999982,
        2251.9030000000002,
        240.84000000000015,
        2605.389000000001,
        251.64600000000064,
        406.39500000000044
      ],
      "active_latency_ms": [
        55644.528,
        38940.206,
        88279.701,
        20733.726,
        34206.461,
        14489.719,
        18528.552,
        49481.945,
        15870.514,
        11986.258,
        23201.997,
        64312.47,
        19803.135,
        26162.649,
        25905.068,
        16176.902,
        17997.978,
        17573.615,
        20508.345,
        13351.147
      ],
      "gross_wallclock_ms": [
        55644.528,
        38940.206,
        88279.701,
        20733.726,
        34206.461,
        14489.719,
        18528.552,
        49481.945,
        15870.514,
        11986.258,
        23201.997,
        64312.47,
        19803.135,
        26162.649,
        25905.068,
        16176.902,
        17997.978,
        17573.615,
        20508.345,
        13351.147
      ],
      "agent_cpu_time_ms": [
        333.2839999999992,
        321.54399999999896,
        285.4050000000002,
        88.91300000000047,
        240.3390000000004,
        164.42299999999977,
        174.6800000000003,
        278.2619999999997,
        125.30000000000018,
        73.7159999999999,
        102.7829999999999,
        565.7979999999998,
        224.85300000000007,
        237.65599999999995,
        183.0949999999998,
        107.18199999999933,
        118.44900000000007,
        171.0550000000003,
        186.92299999999977,
        101.11499999999978
      ],
      "bash_spawn_ms": [
        6.981,
        4.486,
        6.403,
        3.804,
        5.704,
        5.194,
        4.508,
        7.694,
        4.946,
        3.896,
        6.317,
        4.621,
        4.688,
        4.782,
        6.49,
        5.123,
        3.819,
        6.125,
        4.84,
        5.306,
        5.998,
        4.567,
        4.625,
        5.869,
        3.928,
        4.007,
        4.072,
        4.105,
        5.929,
        4.087,
        3.846,
        4.028,
        4.414,
        5.574,
        5.9,
        5.745,
        6.022,
        5.598,
        4.69,
        7.569,
        6.272,
        5.981,
        7.168,
        7.149,
        6.6,
        4.592,
        4.845,
        6.278,
        5.334,
        5.417,
        5.924,
        5.795,
        9.198,
        6.369,
        5.572,
        3.652,
        7.082,
        6.757,
        5.542,
        7.795,
        5.174,
        5.206,
        4.487,
        16.545,
        3.719,
        3.89,
        5.116,
        5.967,
        6.51,
        4.531,
        4.819,
        5.674,
        4.578,
        8.389
      ],
      "bash_work_ms": [
        494.292,
        76.259,
        42.769,
        1002.847,
        2.359,
        945.623,
        977.472,
        1068.037,
        157.182,
        212.228,
        382.32,
        469.439,
        397.496,
        70.388,
        404.827,
        423.998,
        118.36,
        425.909,
        421.515,
        441.605,
        10.008,
        268.616,
        9.588,
        8.002,
        68.462,
        9.152,
        9.984,
        9.191,
        3.025,
        90.056,
        8.56,
        12.837,
        11.077,
        217.94,
        10.573,
        4.368,
        126.971,
        212.378,
        8.508,
        206.363,
        3.936,
        48.243,
        51.316,
        167.601,
        8.23,
        16.836,
        247.984,
        3.864,
        207.695,
        113.561,
        321.829,
        10.597,
        3.824,
        139.344,
        164.773,
        8.705,
        3.642,
        126.95,
        162.377,
        15.426,
        3.996,
        119.409,
        9.116,
        15.558,
        10.154,
        50.126,
        3.521,
        3.445,
        112.682,
        103.058,
        13.61,
        128.306,
        9.99,
        23.495
      ],
      "num_bash_calls": [
        2,
        8,
        4,
        3,
        5,
        3,
        2,
        3,
        1,
        2,
        4,
        13,
        4,
        4,
        4,
        1,
        3,
        1,
        5,
        2
      ]
    },
    {
      "wallclock_ms": 310790.0,
      "throughput_qps": 0.06435213488207471,
      "num_failures": 0,
      "num_mcp_race_failures": 0,
      "peak_memory_mb": 742.44140625,
      "thrash_warning": false,
      "rc": 0,
      "orchestration_ms": [
        716.2630000000063,
        583.5959999999977,
        273.05100000000675,
        444.4490000000005,
        673.8080000000045,
        906.2330000000002,
        791.1460000000006,
        1517.730999999998,
        1122.8529999999992,
        419.20100000000093,
        428.4389999999985,
        697.4850000000006,
        414.21199999999953,
        654.6100000000006,
        303.33200000000215,
        2288.4850000000006,
        295.39600000000064,
        1912.4220000000005,
        372.79099999999926,
        270.10299999999916
      ],
      "active_latency_ms": [
        39840.726,
        37868.644,
        100968.152,
        33867.157,
        42368.586,
        14685.332,
        29939.005,
        16759.637,
        16372.42,
        13600.708,
        34028.381,
        61687.449,
        16175.407,
        21829.894,
        27679.757,
        14764.017,
        18942.881,
        16439.75,
        16098.978,
        16087.944
      ],
      "gross_wallclock_ms": [
        39840.726,
        37868.644,
        100968.152,
        33867.157,
        42368.586,
        14685.332,
        29939.005,
        16759.637,
        16372.42,
        13600.708,
        34028.381,
        61687.449,
        16175.407,
        21829.894,
        27679.757,
        14764.017,
        18942.881,
        16439.75,
        16098.978,
        16087.944
      ],
      "agent_cpu_time_ms": [
        420.0029999999997,
        311.3720000000003,
        280.3099999999986,
        107.73600000000033,
        262.44099999999935,
        125.12300000000005,
        249.6840000000002,
        172.24699999999984,
        131.93900000000076,
        112.11699999999973,
        127.4340000000002,
        535.488,
        142.83300000000008,
        210.22699999999986,
        233.50700000000006,
        176.7820000000006,
        153.07699999999977,
        197.91499999999996,
        135.19399999999996,
        130.1849999999995
      ],