{
  "lang": "python",
  "N": 8,
  "status": "OK",
  "llm_transport": "claude-cli",
  "runs": [
    {
      "wallclock_ms": 37010.0,
      "throughput_qps": 0.5403944879762227,
      "num_failures": 0,
      "num_mcp_race_failures": 0,
      "peak_memory_mb": 2437.76953125,
      "thrash_warning": false,
      "rc": 0,
      "orchestration_ms": [
        349.46299999999974,
        300.97899999999936,
        410.4959999999992,
        306.5490000000009,
        289.85000000000036,
        505.96899999999914,
        335.34000000000015,
        302.9480000000003,
        458.58200000000033,
        406.3849999999984,
        487.7420000000002,
        711.8999999999996,
        371.2549999999992,
        324.40000000000146,
        404.1389999999992,
        617.2929999999997,
        410.77200000000084,
        424.6189999999988,
        367.65500000000065,
        395.7029999999995
      ],
      "active_latency_ms": [
        13452.119,
        13285.14,
        15475.711,
        9988.036,
        9063.87,
        11372.934,
        14135.135,
        13974.223,
        14582.932,
        12403.701,
        14457.123,
        15345.061,
        8602.068,
        9183.432,
        17559.081,
        13210.921,
        16921.294,
        18015.089,
        10021.995,
        9275.515
      ],
      "gross_wallclock_ms": [
        13452.119,
        13285.14,
        15475.711,
        9988.036,
        9063.87,
        11372.934,
        14135.135,
        13974.223,
        14582.932,
        12403.701,
        14457.123,
        15345.061,
        8602.068,
        9183.432,
        17559.081,
        13210.921,
        16921.294,
        18015.089,
        10021.995,
        9275.515
      ],
      "agent_cpu_time_ms": [
        298.9569999999999,
        285.46199999999976,
        387.9279999999999,
        166.78099999999995,
        203.32900000000018,
        150.23100000000022,
        354.18000000000006,
        338.67999999999984,
        389.712,
        329.317,
        331.2840000000001,
        313.37599999999975,
        175.2520000000004,
        117.24000000000024,
        442.74900000000025,
        272.8850000000002,
        411.94900000000007,
        421.625,
        180.5010000000002,
        190.46900000000005
      ],
      "calculator_ms": [
        0.184,
        0.204,
        0.165,
        0.207,
        0.155,
        0.233,
        0.158,
        0.206,
        0.184,
        0.148,
        0.153,
        0.147,
        0.139,
        0.318,
        0.246,
        0.194,
        0.176,
        0.24,
        0.365,
        0.167,
        0.167,
        0.454,
        0.236,
        0.161,
        0.215,
        0.169,
        0.411,
        1.081,
        0.148,
        0.227,
        0.211,
        0.33,
        0.352,
        0.227,
        0.218,
        0.34
      ],
      "num_calculator_calls": [
        1,
        1,
        1,
        1,
        1,
        3,
        2,
        1,
        2,
        2,
        3,
        5,
        1,
        1,
        2,
        1,
        2,
        4,
        1,
        1
      ],
      "correct": 18
    },
    {
      "wallclock_ms": 34130.0,
      "throughput_qps": 0.5859947260474655,
      "num_failures": 0,
      "num_mcp_race_failures": 0,
      "peak_memory_mb": 2363.3515625,
      "thrash_warning": false,
      "rc": 0,
      "orchestration_ms": [
        397.28099999999904,
        455.14500000000044,
        385.3279999999995,
        340.8819999999996,
        324.22499999999945,
        421.771999999999,
        409.00900000000183,
        310.64700000000084,
        483.09000000000015,
        455.47999999999956,
        476.5569999999989,
        602.3819999999996,
        349.53099999999904,
        321.22700000000077,
        483.6910000000007,
        405.4509999999991,
        388.4519999999993,
        391.8760000000002,
        305.3090000000011,
        319.4290000000001
      ],
      "active_latency_ms": [
        11783.889,
        9859.444,
        13769.176,
        11846.061,
        8040.554,
        10512.801,
        12459.691,
        11131.233,
        11866.998,
        9331.758,
        14527.042,
        15541.071,
        8608.428,
        8618.975,
        13609.574,
        12079.017,
        11197.624,
        13710.818,
        9656.011,
        9993.224
      ],
      "gross_wallclock_ms": [
        11783.889,
        9859.444,
        13769.176,
        11846.061,
        8040.554,
        10512.801,
        12459.691,
        11131.233,
        11866.998,
        9331.758,
        14527.042,
        15541.071,
        8608.428,
        8618.975,
        13609.574,
        12079.017,
        11197.624,
        13710.818,
        9656.011,
        9993.224
      ],
      "agent_cpu_time_ms": [
        331.2850000000003,
        235.3240000000003,
        351.6409999999996,
        253.67199999999957,
        182.68300000000045,
        123.17000000000053,
        393.8330000000001,
        280.8099999999997,
        344.2629999999999,
        249.15700000000015,
        332.14800000000014,
        297.4699999999998,
        156.5589999999993,
        100.08199999999988,
        419.799,
        360.46400000000017,
        299.05499999999984,
        362.23900000000003,
        197.1570000000006,
        176.23899999999958
      ],
      "calculator_ms": [
        0.158,
        1.812,
        0.149,
        0.151,
        0.16,
        0.473,
        0.189,
        0.196,
        0.149,
        0.518,
        0.17,
        0.251,
        0.227,
        0.405,
        0.154,
        0.327,
        0.403,
        0.364,
        0.218,
        0.231,
        0.208,
        0.159,
        0.266,
        0.167,
        0.17,
        0.203,
        0.203,
        0.487,
        0.263,
        0.232,
        0.165,
        0.166,
        0.169,
        0.154
      ],
      "num_calculator_calls": [
        1,
        1,
        2,
        1,
        1,
        3,
        1,
        1,
        2,
        2,
        3,
        5,
        1,
        1,
        3,
        1,
        1,
        2,
        1,
        1
      ],
      "correct": 18
    },
    {
      "wallclock_ms": 32159.999999999996,
      "throughput_qps": 0.6218905472636816,
      "num_failures": 0,
      "num_mcp_race_failures": 0,
      "peak_memory_mb": 2173.91796875,
      "thrash_warning": false,
      "rc": 0,
      "orchestration_ms": [
        332.34200000000055,
        528.2980000000007,
        342.4940000000006,
        424.0139999999992,
        356.6889999999994,
        385.7620000000006,
        387.9330000000009,
        289.35499999999956,
        495.1740000000009,
        393.7970000000005,
        484.4429999999993,
        688.5570000000007,
        312.3829999999998,
        399.625,
        550.4179999999997,
        315.3009999999995,
        351.7619999999988,
        366.0470000000005,
        371.1170000000002,
        451.4569999999994
      ],
      "active_latency_ms": [
        11361.891,
        10091.405,
        12456.194,
        11413.677,
        8264.462,
        9872.635,
        9897.574,
        9837.849,
        10728.852,
        12429.822,
        15230.946,
        17889.719,
        8290.945,
        8130.456,
        14943.885,
        10034.395,
        11381.874,
        12205.564,
        10433.674,
        7794.699
      ],
      "gross_wallclock_ms": [
        11361.891,
        10091.405,
        12456.194,
        11413.677,
        8264.462,
        9872.635,
        9897.574,
        9837.849,
        10728.852,
        12429.822,
        15230.946,
        17889.719,
        8290.945,
        8130.456,
        14943.885,
        10034.395,
        11381.874,
        12205.564,
        10433.674,
        7794.699
      ],