{
  "lang": "python",
  "N": 4,
  "status": "OK",
  "llm_transport": "claude-cli",
  "runs": [
    {
      "wallclock_ms": 57000.0,
      "throughput_qps": 0.3508771929824561,
      "num_failures": 0,
      "num_mcp_race_failures": 0,
      "peak_memory_mb": 1264.2890625,
      "thrash_warning": false,
      "rc": 0,
      "orchestration_ms": [
        334.92199999999957,
        445.52199999999993,
        340.65799999999945,
        315.5590000000011,
        304.8059999999996,
        360.46399999999994,
        332.04099999999926,
        324.39000000000306,
        360.0529999999999,
        527.6009999999987,
        392.1260000000002,
        440.9420000000009,
        344.2530000000006,
        319.1220000000012,
        595.6049999999996,
        395.4840000000004,
        350.6829999999991,
        313.34499999999935,
        306.7480000000005,
        347.78800000000047
      ],
      "active_latency_ms": [
        7470.794,
        7369.292,
        13555.42,
        12707.744,
        7887.664,
        11956.106,
        10013.882,
        22451.274,
        8103.077,
        10864.282,
        12224.688,
        10359.806,
        8841.95,
        8166.145,
        12969.172,
        10937.509,
        9124.051,
        9913.607,
        7227.438,
        8139.487
      ],
      "gross_wallclock_ms": [
        7470.794,
        7369.292,
        13555.42,
        12707.744,
        7887.664,
        11956.106,
        10013.882,
        22451.274,
        8103.077,
        10864.282,
        12224.688,
        10359.806,
        8841.95,
        8166.145,
        12969.172,
        10937.509,
        9124.051,
        9913.607,
        7227.438,
        8139.487
      ],
      "agent_cpu_time_ms": [
        106.94800000000032,
        116.04200000000037,
        168.38599999999997,
        141.38400000000001,
        86.51700000000028,
        90.90099999999984,
        122.50199999999973,
        312.73600000000056,
        107.7829999999999,
        145.57800000000043,
        149.34000000000015,
        163.154,
        100.20200000000023,
        64.53099999999995,
        187.01499999999965,
        148.6460000000004,
        99.2809999999995,
        150.76299999999992,
        106.596,
        108.82700000000023
      ],
      "calculator_ms": [
        0.361,
        0.571,
        0.214,
        0.308,
        0.151,
        0.202,
        0.25,
        0.498,
        0.177,
        0.164,
        0.187,
        0.342,
        0.528,
        0.351,
        0.497,
        0.182,
        0.331,
        0.184,
        0.154,
        0.219,
        0.14,
        0.356,
        0.201,
        0.204,
        0.375,
        0.327,
        0.397,
        0.205,
        0.177,
        0.195
      ],
      "num_calculator_calls": [
        1,
        1,
        1,
        1,
        1,
        2,
        2,
        1,
        2,
        2,
        3,
        3,
        1,
        1,
        3,
        1,
        1,
        1,
        1,
        1
      ],
      "correct": 19
    },
    {
      "wallclock_ms": 66890.0,
      "throughput_qps": 0.2989983555090447,
      "num_failures": 0,
      "num_mcp_race_failures": 0,
      "peak_memory_mb": 1275.890625,
      "thrash_warning": false,
      "rc": 0,
      "orchestration_ms": [
        381.02300000000105,
        355.5120000000006,
        327.5610000000015,
        376.1810000000014,
        315.1250000000018,
        914.0709999999999,
        626.1939999999995,
        343.58799999999974,
        554.2560000000012,
        372.47500000000036,
        426.2659999999996,
        773.1739999999991,
        324.1749999999993,
        245.40799999999945,
        448.51600000000144,
        651.8709999999992,
        374.2610000000004,
        311.96199999999953,
        387.4359999999997,
        296.6390000000001
      ],
      "active_latency_ms": [
        8964.734,
        7255.567,
        11014.048,
        8550.762,
        9192.262,
        9446.697,
        8848.497,
        11653.061,
        10582.645,
        9597.357,
        13872.016,
        12166.826,
        7287.007,
        23763.744,
        12655.343,
        7732.562,
        10581.62,
        10454.533,
        8294.448,
        6671.648
      ],
      "gross_wallclock_ms": [
        8964.734,
        7255.567,
        11014.048,
        8550.762,
        9192.262,
        9446.697,
        8848.497,
        11653.061,
        10582.645,
        9597.357,
        13872.016,
        12166.826,
        7287.007,
        23763.744,
        12655.343,
        7732.562,
        10581.62,
        10454.533,
        8294.448,
        6671.648
      ],
      "agent_cpu_time_ms": [
        144.952,
        122.17700000000013,
        117.93499999999995,
        116.16000000000031,
        129.4730000000004,
        88.47099999999955,
        124.41000000000008,
        166.25099999999975,
        167.75900000000001,
        121.54300000000012,
        163.85399999999981,
        163.52299999999968,
        105.58300000000008,
        64.43099999999959,
        193.82500000000005,
        106.62799999999993,
        172.0619999999999,
        119.02599999999939,
        93.18399999999974,
        95.12099999999964
      ],
      "calculator_ms": [
        1.172,
        0.374,
        0.311,
        0.264,
        0.313,
        0.209,
        0.192,
        0.174,
        0.198,
        0.152,
        0.259,
        0.345,
        0.201,
        0.473,
        0.203,
        0.23,
        0.373,
        0.457,
        0.374,
        0.177,
        0.459,
        0.175,
        0.234,
        0.329,
        0.176,
        0.208,
        0.364,
        0.33,
        0.407,
        0.17,
        0.248,
        0.193,
        0.166
      ],
      "num_calculator_calls": [
        1,
        1,
        1,
        1,
        1,
        3,
        2,
        1,
        2,
        2,
        3,
        5,
        1,
        1,
        3,
        1,
        1,
        1,
        1,
        1
      ],
      "correct": 19
    },
    {
      "wallclock_ms": 49690.0,
      "throughput_qps": 0.4024954719259409,
      "num_failures": 0,
      "num_mcp_race_failures": 0,
      "peak_memory_mb": 1294.25390625,
      "thrash_warning": false,
      "rc": 0,
      "orchestration_ms": [
        344.3760000000002,
        414.4320000000007,
        308.7520000000004,
        307.16200000000026,
        324.28299999999945,
        437.9350000000013,
        385.7380000000012,
        339.0690000000013,
        317.65899999999965,
        365.73199999999997,
        554.5930000000008,
        659.0840000000007,
        314.41899999999987,
        301.48699999999917,
        487.1820000000007,
        315.5019999999995,
        325.2330000000002,
        363.1790000000001,
        373.79899999999907,
        328.2460000000001
      ],
      "active_latency_ms": [
        7422.18,
        8186.296,
        8195.047,
        9487.894,
        7578.929,
        9586.886,
        9065.741,
        8588.057,
        8749.037,
        8350.037,
        14902.867,
        15234.063,
        7875.506,
        8617.086,
        10921.227,
        8489.168,
        7645.563,
        9102.56,
        7926.797,
        7638.855
      ],
      "gross_wallclock_ms": [
        7422.18,
        8186.296,
        8195.047,
        9487.894,
        7578.929,
        9586.886,
        9065.741,
        8588.057,
        8749.037,
        8350.037,
        14902.867,
        15234.063,
        7875.506,
        8617.086,
        10921.227,
        8489.168,
        7645.563,
        9102.56,
        7926.797,
        7638.855
      ],