{
  "mode": "py-mt",
  "N": 4,
  "llm_transport": "claude-cli",
  "cold_start_ms": 16216.456170994206,
  "warmup_queries": 4,
  "median_per_query_wallclock_ms_at_n1": null,
  "runs": [
    {
      "wallclock_ms": 82419.54583900224,
      "throughput_qps": 0.24266088579361816,
      "num_failures": 0,
      "orchestration_ms": [
        17.45799999999872,
        48.88900000000103,
        23.228000000000975,
        23.153000000000247,
        39.310999999999694,
        62.53700000000026,
        53.03899999999885,
        18.647000000000844,
        87.5619999999999,
        66.3090000000011,
        355.40899999999965,
        205.08699999999953,
        376.9929999999986,
        252.8189999999995,
        276.61499999999796,
        359.2530000000006,
        255.47000000000116,
        27.184000000001106,
        346.0450000000001,
        368.2500000000018
      ],
      "active_latency_ms": [
        19088.367,
        13367.211000000001,
        13471.937,
        14429.883,
        13114.208,
        18425.561,
        12733.149,
        14966.351,
        12817.678,
        15392.012,
        16378.125,
        17232.384,
        13257.354,
        17878.372,
        16754.956,
        14514.245,
        19436.009000000002,
        17042.268,
        14455.127,
        15801.879
      ],
      "gross_wallclock_ms": [
        19406.814,
        13836.434,
        13820.354,
        14756.813,
        13547.563,
        18692.886,
        13113.776,
        15440.512,
        13083.05,
        15754.01,
        16378.125,
        17232.384,
        13257.354,
        17878.372,
        16754.956,
        14514.245,
        19945.514,
        18070.751,
        14455.127,
        15801.879
      ],
      "peak_memory_mb": 1388.5234375
    },
    {
      "wallclock_ms": 90141.54906899785,
      "throughput_qps": 0.22187326717329012,
      "num_failures": 0,
      "orchestration_ms": [
        26.890000000003056,
        66.02000000000044,
        23.802999999999884,
        21.545000000000073,
        40.365999999999985,
        64.07500000000073,
        58.56999999999971,
        12.877000000000407,
        66.9320000000007,
        59.11800000000039,
        337.6910000000007,
        403.6790000000001,
        340.628999999999,
        305.4599999999991,
        558.4639999999999,
        329.7579999999998,
        236.61599999999817,
        621.6550000000007,
        326.59799999999996,
        286.93299999999726
      ],
      "active_latency_ms": [
        16418.648,
        23815.615,
        13186.241,
        13216.655,
        14779.118,
        13216.199,
        14849.408000000001,
        17305.342,
        10828.198,
        12350.796,
        15258.959,
        13235.15,
        14235.901,
        22856.964,
        14979.376,
        14497.625,
        17034.73,
        15709.257,
        15828.385,
        23918.743
      ],
      "gross_wallclock_ms": [
        16894.878,
        24165.612,
        13660.776,
        13599.435,
        15204.409,
        13602.678,
        15281.545,
        17545.47,
        11198.504,
        12668.172,
        15258.959,
        13235.15,
        14235.901,
        22856.964,
        14979.376,
        14497.625,
        17580.813,
        15709.257,
        15828.385,
        23918.743
      ],
      "peak_memory_mb": 1388.5234375
    },
    {
      "wallclock_ms": 83757.48131700675,
      "throughput_qps": 0.2387846397183752,
      "num_failures": 0,
      "orchestration_ms": [
        22.718000000000757,
        48.905000000000655,
        32.46099999999933,
        19.89300000000003,
        42.404999999998836,
        65.5119999999988,
        73.17499999999927,
        16.790000000000873,
        68.96499999999833,
        59.40200000000186,
        202.47999999999956,
        336.53200000000106,
        363.54899999999907,
        371.9529999999995,
        380.21299999999974,
        268.109000000004,
        218.61999999999898,
        338.4910000000018,
        269.60099999999875,
        333.2540000000008
      ],
      "active_latency_ms": [
        15118.626,
        15293.583,
        19763.248,
        14596.744999999999,
        12560.764,
        12610.605,
        18372.003,
        21438.813000000002,
        16399.902,
        17152.235,
        17394.913,
        14633.082,
        13264.722,
        15737.918,
        15054.353,
        17723.08,
        13402.228,
        18599.534,
        14506.857,
        12049.985
      ],
      "gross_wallclock_ms": [
        15430.946,
        15692.202,
        20887.186,
        15004.819,
        12963.752,
        13095.373,
        18639.941,
        21875.519,
        16674.803,
        17477.338,
        17394.913,
        14633.082,
        13264.722,
        15737.918,
        15054.353,
        17723.08,
        13786.084,
        18599.534,
        14506.857,
        12049.985
      ],
      "peak_memory_mb": 1388.5234375
    }
  ],
  "orchestration_ms": {
    "p50": 80.36849999999959,
    "p90": 368.6203000000016,
    "mean": 183.0660833333334,
    "n": 60
  },
  "active_latency_ms": {
    "p50": 15086.4895,
    "p90": 19123.1312,
    "mean": 15729.193033333335,
    "n": 60
  },
  "gross_wallclock_ms": {
    "p50": 15356.2455,
    "p90": 19460.684,
    "mean": 15969.2663,
    "n": 60
  },
  "cli_args": {
    "mode": "py-mt",
    "concurrency": 4,
    "sweep": false,
    "max_n": 64,
    "runs": 3,
    "warmup_queries": 4,
    "queries": "/Users/anna/Desktop/agent-interception/benchmark/queries/chemcrow_20.json",
    "out_root": "/Users/anna/Desktop/agent-interception/benchmark/output/sweep",
    "skip_cold_start": false,
    "reset": true
  },
  "peak_memory_mb": 1388.5234375,
  "swap_thrash_warning": false
}