{
  "mode": "go",
  "N": 16,
  "llm_transport": "claude-cli",
  "cold_start_ms": 19308.12,
  "warmup_queries": 4,
  "median_per_query_wallclock_ms_at_n1": null,
  "runs": [
    {
      "wallclock_ms": 53354.803,
      "throughput_qps": 0.3748491021511222,
      "num_failures": 0,
      "orchestration_ms": [
        3980.728000000003,
        5197.564000000002,
        6736.919000000002,
        5692.935000000001,
        6773.642,
        5785.197,
        6829.703999999998,
        6747.238000000001,
        6643.563000000002,
        6536.771999999997,
        14940.026999999998,
        11143.548999999995,
        7643.614000000001,
        14897.685000000001,
        8822.084000000003,
        11239.987000000001,
        3247.224,
        6031.599000000002,
        4518.226000000002,
        4017.733
      ],
      "active_latency_ms": [
        24430.861,
        27045.683,
        31564.093,
        27645.872,
        29634.235999999997,
        28376.159,
        30227.912,
        29202.285,
        33864.355,
        27695.295,
        35426.486,
        38690.888999999996,
        27991.068,
        42642.642,
        31136.128,
        37450.249,
        19183.628,
        26255.966,
        19885.559,
        24167.445
      ],
      "gross_wallclock_ms": [
        24701.998,
        27094.403,
        32173.439,
        28267.363,
        29858.198,
        28979.722,
        31419.187,
        29531.823,
        34634.243,
        28128.178,
        35639.597,
        38770.319,
        27991.068,
        42642.642,
        31312.926,
        37497.568,
        19303.12,
        26255.966,
        19885.559,
        24167.445
      ],
      "go_stdout_tail": " **Molecular Structure:** - **SMILES:** CN(C)C(=N)N=C(N)N - **Chemical...\"\n  [  5/20] q005 ok  (29.86s) answer=\"Excellent! Here's a comprehensive analysis of naproxen:  ## **Molecular Information** - **IUPAC Name...\"\n  [ 15/20] q015 ok  (31.32s) answer=\"## Rifampicin 3D Structure & Molecular Descriptors  I've successfully analyzed rifampicin. Here are ...\"\n  [  7/20] q007 ok  (31.42s) answer=\"## Lidocaine Structure and Molecular Descriptors  **Chemical Name:** Lidocaine (2-(Diethylamino)-N-(...\"\n  [  3/20] q003 ok  (32.18s) answer=\"## Caffeine Analysis Results  ### Molecular Information - **Name:** Caffeine - **SMILES:** `CN1C=NC2...\"\n  [  9/20] q009 ok  (34.64s) answer=\"Perfect! I've successfully analyzed atenolol. Here are the results:  ## Atenolol Analysis  **Chemica...\"\n  [ 11/20] q011 ok  (35.65s) answer=\"## Paclitaxel Analysis  **Molecular Information:** - **IUPAC Name:** Paclitaxel (Taxol) - **SMILES:*...\"\n  [ 16/20] q016 ok  (37.50s) answer=\"Excellent! Here are the results for **amphotericin B**:  ## Molecular Information - **SMILES**: CC1C...\"\n  [ 12/20] q012 ok  (38.78s) answer=\"## Vincristine Analysis  **Successfully looked up, generated 3D structure, and computed descriptors:...\"\n  [ 14/20] q014 ok  (42.65s) answer=\"## Cyclosporine Analysis Results  I've successfully analyzed cyclosporine. Here are the key findings...\"\n  [ 17/20] q017 ok  (19.30s) answer=\"Perfect! Here's a comprehensive analysis of **doxorubicin**:  ## 3D Structure Information - **Number...\"\n  [ 19/20] q019 ok  (19.89s) answer=\"Excellent! Here's a comprehensive analysis of **sirolimus** (also known as rapamycin):  ## Molecular...\"\n  [ 20/20] q020 ok  (24.17s) answer=\"## Tacrolimus Analysis  I've successfully analyzed tacrolimus. Here are the results:  ### **3D Struc...\"\n  [ 18/20] q018 ok  (26.26s) answer=\"## Vancomycin Analysis Complete  I've successfully analyzed vancomycin's structure and molecular pro...\"\nWALLCLOCK_MS=53354.803\n[run] done. 20/20 succeeded, 0 failed. wallclock=53.35s\n",
      "go_stderr_tail": "",
      "go_returncode": 0,
      "peak_memory_mb": 4646.828125
    },
    {
      "wallclock_ms": 75917.331,
      "throughput_qps": 0.26344445644433945,
      "num_failures": 0,
      "orchestration_ms": [
        13521.799000000003,
        13773.195,
        12051.669000000002,
        13103.857000000004,
        13969.354,
        13796.895,
        14232.660999999996,
        12931.944999999996,
        13473.343999999997,
        13275.809000000001,
        27607.620000000003,
        19875.274999999998,
        18663.07,
        33042.132,
        18920.136,
        27118.668,
        3806.4850000000006,
        7887.202000000005,
        5993.0790000000015,
        5118.711000000003
      ],
      "active_latency_ms": [
        38857.817,
        47972.944,
        42704.063,
        40843.258,
        41641.787,
        42513.714,
        40531.056,
        39501.395,
        43656.253,
        42614.165,
        61327.766,
        50293.055,
        45917.113,
        58107.332,
        44968.757,
        50105.938,
        34969.362,
        33765.641,
        27597.357,
        33877.868
      ],
      "gross_wallclock_ms": [
        39513.105,
        48238.082,
        43620.61,
        41463.983,
        42354.465,
        43213.874,
        41709.947,
        40026.336,
        44371.469,
        43349.438,
        61327.766,
        50293.055,
        46371.683,
        58151.765,
        45215.577,
        50105.938,
        35256.665,
        33779.414,
        27683.252,
        34180.031
      ],
      "go_stdout_tail": "ropranolol Analysis  ### Molecular Structure **SMILES:** `CC(C)NCC(COC1=CC=CC2=CC=CC=C21)O`  Pro...\"\n  [  3/20] q003 ok  (43.62s) answer=\"## Caffeine Analysis  **Molecular Formula:** C\u2088H\u2081\u2080N\u2084O\u2082 (SMILES: CN1C=NC2=C1C(=O)N(C(=O)N2C...\"\n  [  9/20] q009 ok  (44.38s) answer=\"## Atenolol Analysis  ### Chemical Structure **Molecular Formula (from SMILES):** CC(C)NCC(COC1=CC=C...\"\n  [ 15/20] q015 ok  (45.22s) answer=\"## Rifampicin Analysis  **Molecular Lookup:** - **IUPAC Name:** Rifampicin - **Canonical SMILES:** C...\"\n  [ 13/20] q013 ok  (46.37s) answer=\"## Erythromycin Analysis  **Molecular Formula:** C\u2083\u2087H\u2086\u2087NO\u2081\u2083  **3D Structure Generation:*...\"\n  [  2/20] q002 ok  (48.25s) answer=\"## Ibuprofen Analysis  I've successfully analyzed ibuprofen. Here are the complete results:  ### Mol...\"\n  [ 16/20] q016 ok  (50.11s) answer=\"## Amphotericin B: 3D Structure and Molecular Descriptors  **3D Structure Generation:** \u2713 Successf...\"\n  [ 12/20] q012 ok  (50.30s) answer=\"## Vincristine Analysis  ### **Molecular Information** **SMILES:** `CCC1(CC2CC(C3=C(CCN(C2)C1)C4=CC=...\"\n  [ 14/20] q014 ok  (58.16s) answer=\"Perfect! I've successfully analyzed cyclosporine. Here are the results:  ## 3D Structure Generation ...\"\n  [ 11/20] q011 ok  (61.33s) answer=\"Perfect! Here are the comprehensive results for **paclitaxel**:  ## 3D Structure Information - **3D ...\"\n  [ 19/20] q019 ok  (27.68s) answer=\"Excellent! Here's a comprehensive analysis of **sirolimus** (also known as rapamycin):  ## Molecular...\"\n  [ 18/20] q018 ok  (33.78s) answer=\"## Vancomycin - 3D Structure and Molecular Descriptors  I've successfully analyzed vancomycin. Here ...\"\n  [ 17/20] q017 ok  (35.26s) answer=\"## Doxorubicin Analysis Summary  **Molecular Lookup:** - **IUPAC/Common Name:** Doxorubicin - **SMIL...\"\n  [ 20/20] q020 ok  (34.18s) answer=\"## Tacrolimus - 3D Structure and Molecular Descriptors  ### 3D Conformer Generation \u2713 Successfully...\"\nWALLCLOCK_MS=75917.331\n[run] done. 20/20 succeeded, 0 failed. wallclock=75.92s\n",
      "go_stderr_tail": "",
      "go_returncode": 0,
      "peak_memory_mb": 4646.828125
    },
    {
      "wallclock_ms": 64252.352,
      "throughput_qps": 0.3112726519334265,
      "num_failures": 0,