config,query_id,total_latency_ms,active_latency_ms,tool_search_ms,tool_fetch_ms,tool_summarize_ms,tool_time_ms,llm_time_ms,framework_overhead_ms,rate_limit_pause_ms,tool_time_fraction,llm_time_fraction,num_tool_calls,num_retries,num_parse_errors,num_llm_turns,input_tokens_total,output_tokens_total
go,q002,1940.36,1939.9869999999999,0.008,0.0,0,0.008,1939.9789999999998,0.0,0.3730000000000473,4.1237389735085855e-06,0.9999958762610265,1,0,0,2,1739,110
go,q003,33700.63,3695.9569999999985,0.006,300.288,0,300.294,3395.663,0.0,30004.673,0.08124932189416709,0.9187506781058333,3,0,0,3,7342,276
py,q002,2058.038,2057.3610000000003,0.088,0.0,0,0.088,2057.273,0.0,0.6769999999996799,4.277324203190397e-05,0.999957226757968,1,0,0,2,1743,119
py,q003,7360.927,7359.753000000001,0.086,2192.023,0,2192.109,5167.644,0.0,1.1739999999990687,0.2978508925503342,0.7021491074496657,3,0,0,3,6117,358
