config,total_latency_ms_mean,total_latency_ms_p50,total_latency_ms_p95,tool_search_ms_mean,tool_search_ms_p50,tool_search_ms_p95,tool_fetch_ms_mean,tool_fetch_ms_p50,tool_fetch_ms_p95,tool_summarize_ms_mean,tool_summarize_ms_p50,tool_summarize_ms_p95,tool_time_ms_mean,tool_time_ms_p50,tool_time_ms_p95,llm_time_ms_mean,llm_time_ms_p50,llm_time_ms_p95,framework_overhead_ms_mean,framework_overhead_ms_p50,framework_overhead_ms_p95,tool_time_fraction_mean,tool_time_fraction_p50,tool_time_fraction_p95,llm_time_fraction_mean,llm_time_fraction_p50,llm_time_fraction_p95,num_tool_calls_mean,num_tool_calls_p50,num_tool_calls_p95,num_retries_mean,num_retries_p50,num_retries_p95,num_parse_errors_mean,num_parse_errors_p50,num_parse_errors_p95,num_llm_turns_mean,num_llm_turns_p50,num_llm_turns_p95
go,17820.495,17820.495,32112.616499999996,0.007,0.007,0.0079,150.144,150.144,285.2736,0.0,0.0,0.0,150.15099999999998,150.15099999999998,285.2797,2667.821,2667.821,3322.8788,0.0,0.0,0.0,0.040626722816570295,0.040626722816570295,0.0771870619864074,0.9593732771834299,0.9593732771834299,0.9959336163532668,2.0,2.0,2.9,0.0,0.0,0.0,0.0,0.0,0.0,2.5,2.5,2.95
py,4709.4825,4709.4825,7095.78255,0.087,0.087,0.08789999999999999,1096.0115,1096.0115,2082.42185,0.0,0.0,0.0,1096.0985,1096.0985,2082.5079499999997,3612.4585,3612.4585,5012.1254500000005,0.0,0.0,0.0,0.14894683289618305,0.14894683289618305,0.28296048658491907,0.8510531671038168,0.8510531671038168,0.9850668207925529,2.0,2.0,2.9,0.0,0.0,0.0,0.0,0.0,0.0,2.5,2.5,2.95
