{
  "lang": "python",
  "N": 2,
  "status": "OK",
  "llm_transport": "claude-cli",
  "runs": [
    {
      "wallclock_ms": 99720.0,
      "throughput_qps": 0.20056157240272765,
      "num_failures": 0,
      "num_mcp_race_failures": 0,
      "peak_memory_mb": 691.5,
      "thrash_warning": false,
      "rc": 0,
      "orchestration_ms": [
        412.4410000000007,
        445.7979999999998,
        309.887999999999,
        284.66499999999996,
        382.90799999999945,
        491.8099999999995,
        320.89300000000003,
        331.22299999999996,
        491.9790000000012,
        634.8959999999997,
        654.8279999999995,
        775.1160000000018,
        340.6789999999992,
        300.9529999999995,
        327.32800000000134,
        439.6219999999994,
        316.1980000000003,
        400.70100000000093,
        297.0689999999995,
        609.9200000000001
      ],
      "active_latency_ms": [
        8902.031,
        6704.857,
        21891.58,
        6961.89,
        8030.69,
        11759.202,
        9156.889,
        6844.366,
        9733.334,
        8132.039,
        15716.684,
        11244.031,
        7600.547,
        9193.422,
        12023.368,
        8006.865,
        7009.723,
        13353.591,
        7043.647,
        7815.728
      ],
      "gross_wallclock_ms": [
        8902.031,
        6704.857,
        21891.58,
        6961.89,
        8030.69,
        11759.202,
        9156.889,
        6844.366,
        9733.334,
        8132.039,
        15716.684,
        11244.031,
        7600.547,
        9193.422,
        12023.368,
        8006.865,
        7009.723,
        13353.591,
        7043.647,
        7815.728
      ],
      "agent_cpu_time_ms": [
        55.36000000000013,
        50.95500000000038,
        85.47400000000016,
        58.041999999999916,
        66.85899999999992,
        66.80500000000029,
        77.75800000000004,
        53.61900000000014,
        63.33800000000065,
        64.07400000000052,
        70.88099999999986,
        76.7569999999996,
        39.735999999999876,
        44.05000000000018,
        104.26299999999992,
        55.11799999999994,
        54.5920000000001,
        68.30799999999954,
        54.44200000000046,
        59.24800000000005
      ],
      "calculator_ms": [
        0.303,
        0.379,
        0.482,
        0.319,
        0.192,
        0.383,
        0.156,
        0.151,
        0.616,
        0.162,
        0.387,
        0.298,
        0.208,
        0.307,
        0.23,
        0.192,
        0.158,
        0.314,
        0.387,
        0.181,
        0.258,
        0.238,
        0.154,
        0.303,
        0.217,
        0.197,
        0.158,
        0.307,
        0.399,
        0.16,
        0.381,
        0.22,
        0.377,
        0.165
      ],
      "num_calculator_calls": [
        1,
        1,
        1,
        1,
        1,
        3,
        2,
        1,
        2,
        2,
        3,
        5,
        1,
        1,
        3,
        1,
        1,
        2,
        1,
        1
      ],
      "correct": 19
    },
    {
      "wallclock_ms": 98170.0,
      "throughput_qps": 0.20372822654578793,
      "num_failures": 0,
      "num_mcp_race_failures": 0,
      "peak_memory_mb": 676.8828125,
      "thrash_warning": false,
      "rc": 0,
      "orchestration_ms": [
        318.58400000000074,
        317.7099999999991,
        319.2950000000001,
        581.1260000000002,
        314.3830000000007,
        632.226999999999,
        324.5450000000001,
        384.7510000000002,
        334.737000000001,
        672.3340000000007,
        442.9879999999994,
        440.27599999999984,
        335.70899999999983,
        328.3069999999998,
        407.91599999999926,
        316.60199999999986,
        298.14800000000014,
        365.34900000000016,
        279.78300000000127,
        560.9180000000015
      ],
      "active_latency_ms": [
        7610.386,
        8698.234,
        11956.731,
        8081.68,
        7696.89,
        13498.371,
        7394.72,
        10530.4,
        10159.352,
        13045.611,
        11920.491,
        11951.94,
        7063.662,
        7378.026,
        10024.591,
        7691.72,
        7652.818,
        9666.333,
        8955.147,
        10000.725
      ],
      "gross_wallclock_ms": [
        7610.386,
        8698.234,
        11956.731,
        8081.68,
        7696.89,
        13498.371,
        7394.72,
        10530.4,
        10159.352,
        13045.611,
        11920.491,
        11951.94,
        7063.662,
        7378.026,
        10024.591,
        7691.72,
        7652.818,
        9666.333,
        8955.147,
        10000.725
      ],
      "agent_cpu_time_ms": [
        56.575000000000045,
        57.093999999999596,
        80.10299999999961,
        35.30000000000018,
        52.892999999999574,
        67.14299999999957,
        74.51599999999985,
        74.25599999999986,
        70.59000000000015,
        70.72200000000021,
        78.27399999999989,
        87.81699999999955,
        52.552000000000135,
        37.91000000000031,
        99.7180000000003,
        38.72199999999998,
        55.13299999999981,
        63.21800000000076,
        72.89000000000033,
        50.92499999999973
      ],
      "calculator_ms": [
        0.444,
        0.381,
        0.205,
        0.381,
        0.383,
        0.198,
        0.275,
        0.154,
        0.44,
        0.158,
        0.17,
        0.191,
        0.337,
        0.568,
        0.208,
        0.266,
        0.156,
        0.21,
        0.381,
        0.139,
        0.201,
        0.166,
        0.238,
        0.277,
        0.476,
        0.189,
        0.211,
        0.334,
        0.393,
        0.359,
        0.218,
        0.238,
        0.209,
        0.164
      ],
      "num_calculator_calls": [
        1,
        1,
        1,
        1,
        1,
        3,
        2,
        1,
        2,
        2,
        3,
        5,
        1,
        1,
        3,
        1,
        1,
        2,
        1,
        1
      ],
      "correct": 18
    },
    {
      "wallclock_ms": 94760.0,
      "throughput_qps": 0.21105951878429716,
      "num_failures": 0,
      "num_mcp_race_failures": 0,
      "peak_memory_mb": 682.640625,
      "thrash_warning": false,
      "rc": 0,
      "orchestration_ms": [
        320.8620000000001,
        751.5500000000002,
        335.52399999999943,
        330.8289999999997,
        351.7619999999997,
        501.64799999999923,
        353.22899999999936,
        341.3220000000001,
        364.70800000000054,
        329.4500000000007,
        408.48099999999977,
        467.2430000000004,
        327.6229999999996,
        309.09400000000096,
        482.27000000000044,
        313.70600000000013,
        323.396999999999,
        397.29599999999846,
        274.46700000000055,
        283.41699999999946
      ],
      "active_latency_ms": [
        6822.841,
        6940.968,
        14867.916,
        9561.538,
        8316.231,
        9068.623,
        11832.481,
        6624.93,
        8705.18,
        7265.39,
        10504.869,
        15605.997,
        7372.896,
        8550.504,
        10531.057,
        6334.717,
        8347.007,
        11906.755,
        8727.074,
        6096.155
      ],
      "gross_wallclock_ms": [
        6822.841,
        6940.968,
        14867.916,
        9561.538,
        8316.231,
        9068.623,
        11832.481,
        6624.93,
        8705.18,
        7265.39,
        10504.869,
        15605.997,
        7372.896,
        8550.504,
        10531.057,
        6334.717,
        8347.007,
        11906.755,
        8727.074,
        6096.155
      ],