{
  "mode": "py-mt",
  "N": 2,
  "llm_transport": "claude-cli",
  "cold_start_ms": 19354.089082000428,
  "warmup_queries": 4,
  "median_per_query_wallclock_ms_at_n1": null,
  "runs": [
    {
      "wallclock_ms": 156480.9560040012,
      "throughput_qps": 0.1278110800875258,
      "num_failures": 1,
      "orchestration_ms": [
        20.024999999999636,
        44.01800000000003,
        23.983000000000175,
        19.973000000001775,
        38.577000000001135,
        81.60499999999956,
        55.63600000000042,
        15.556000000000495,
        67.69400000000132,
        61.54399999999987,
        189.8859999999986,
        392.3009999999995,
        472.77300000000105,
        336.0740000000005,
        412.59300000000076,
        308.21999999999935,
        229.38400000000183,
        267.31900000000314,
        245.6130000000012,
        364.5970000000016
      ],
      "active_latency_ms": [
        13434.746,
        15419.985,
        12161.877,
        18469.56,
        15390.966,
        13412.951,
        12334.179,
        15448.126,
        12932.011,
        15150.253,
        19953.103,
        14931.099,
        14240.629,
        14404.609,
        14749.62,
        13610.408,
        18295.973,
        17072.809,
        16616.695,
        15349.307
      ],
      "gross_wallclock_ms": [
        13751.235,
        15823.191,
        12452.564,
        19113.719,
        15869.819,
        13622.125,
        16639.519,
        16299.316,
        13341.047,
        15640.278,
        19953.103,
        14931.099,
        14240.629,
        14404.609,
        14749.62,
        13610.408,
        18836.36,
        17072.809,
        16616.695,
        15349.307
      ],
      "peak_memory_mb": 771.85546875
    },
    {
      "wallclock_ms": 162486.22681001143,
      "throughput_qps": 0.12308735572637299,
      "num_failures": 0,
      "orchestration_ms": [
        24.662000000000262,
        52.15899999999965,
        23.930999999998676,
        21.420000000000073,
        41.83299999999872,
        63.15300000000025,
        54.2450000000008,
        18.23199999999997,
        65.28700000000026,
        66.47900000000118,
        226.3630000000012,
        322.7489999999998,
        310.73099999999977,
        277.1970000000001,
        305.884,
        609.9069999999992,
        222.00400000000081,
        274.3169999999991,
        383.1750000000011,
        439.9300000000003
      ],
      "active_latency_ms": [
        13500.769,
        13421.273,
        13467.476999999999,
        16310.269,
        13528.443,
        14919.018,
        15465.916,
        14178.914,
        11579.955,
        15248.846000000001,
        18124.77,
        15000.483,
        13713.019,
        21012.929,
        15519.323,
        18218.82,
        14367.314,
        14694.999,
        16627.808,
        16578.016
      ],
      "gross_wallclock_ms": [
        13937.247,
        13791.899,
        13966.309,
        16851.308,
        13917.952,
        15299.519,
        16010.056,
        14566.689,
        12080.957,
        16287.129,
        18124.77,
        15000.483,
        13713.019,
        21012.929,
        15519.323,
        18218.82,
        14521.332,
        14694.999,
        16627.808,
        16578.016
      ],
      "peak_memory_mb": 771.85546875
    },
    {
      "wallclock_ms": 159743.84506700153,
      "throughput_qps": 0.12520044194260743,
      "num_failures": 0,
      "orchestration_ms": [
        19.595000000001164,
        48.672999999998865,
        24.987999999999374,
        20.08100000000013,
        41.3859999999986,
        63.72999999999956,
        51.77000000000044,
        17.600000000000364,
        68.00500000000102,
        58.40300000000025,
        312.7990000000009,
        337.83899999999994,
        41.28399999999965,
        287.65200000000186,
        288.2439999999988,
        283.2149999999965,
        222.5669999999991,
        262.15399999999863,
        339.2089999999989,
        307.2570000000014
      ],
      "active_latency_ms": [
        16439.486,
        14585.903999999999,
        14948.039,
        14177.307999999999,
        10099.088,
        14375.522,
        15866.336,
        13236.437,
        13359.217,
        13826.551000000001,
        14228.292,
        14012.72,
        17952.989999999998,
        16756.598,
        15028.007,
        17960.313,
        13864.798999999999,
        22435.143,
        15205.051,
        14648.52
      ],
      "gross_wallclock_ms": [
        16739.459,
        14883.424,
        15404.925,
        14510.68,
        10598.02,
        14648.628,
        16204.005,
        13805.932,
        13551.047,
        14191.808,
        14228.292,
        14012.72,
        18553.751,
        16756.598,
        15028.007,
        17960.313,
        14203.578,
        22435.143,
        15205.051,
        14648.52
      ],
      "peak_memory_mb": 771.85546875
    }
  ],
  "orchestration_ms": {
    "p50": 74.80500000000029,
    "p90": 366.45480000000157,
    "mean": 175.79133333333348,
    "n": 60
  },
  "active_latency_ms": {
    "p50": 14925.0585,
    "p90": 18134.175,
    "mean": 15197.726466666667,
    "n": 60
  },
  "gross_wallclock_ms": {
    "p50": 15014.244999999999,
    "p90": 18252.3131,
    "mean": 15510.13195,
    "n": 60
  },
  "cli_args": {
    "mode": "py-mt",
    "concurrency": 2,
    "sweep": false,
    "max_n": 64,
    "runs": 3,
    "warmup_queries": 4,
    "queries": "/Users/anna/Desktop/agent-interception/benchmark/queries/chemcrow_20.json",
    "out_root": "/Users/anna/Desktop/agent-interception/benchmark/output/sweep",
    "skip_cold_start": false,
    "reset": true
  },
  "peak_memory_mb": 771.85546875,
  "swap_thrash_warning": false
}