{
  "mode": "go",
  "N": 1,
  "llm_transport": "claude-cli",
  "cold_start_ms": 18626.937,
  "warmup_queries": 4,
  "median_per_query_wallclock_ms_at_n1": 17075.595999999998,
  "runs": [
    {
      "wallclock_ms": 336716.194,
      "throughput_qps": 0.05939720261865397,
      "num_failures": 0,
      "orchestration_ms": [
        1704.3050000000003,
        2508.193000000001,
        1857.6119999999992,
        1719.7640000000029,
        2452.34,
        2427.6059999999998,
        1771.621000000001,
        1663.6729999999989,
        1667.2620000000006,
        1657.5249999999996,
        4009.272000000001,
        2246.0959999999977,
        2261.7680000000037,
        3458.9710000000014,
        1904.8400000000001,
        3672.3780000000006,
        2240.601999999999,
        3389.3109999999997,
        2867.8459999999995,
        3628.048999999999
      ],
      "active_latency_ms": [
        14105.555,
        16315.354000000001,
        14287.385,
        18629.379,
        14482.716,
        17854.264,
        16590.059,
        11073.704,
        12540.072,
        13621.117999999999,
        18229.669,
        17835.527,
        18667.044,
        14264.978000000001,
        16409.965,
        16403.378,
        17315.746,
        18563.983,
        12866.904,
        15138.787
      ],
      "gross_wallclock_ms": [
        14403.156,
        16527.608,
        14598.649,
        21620.88,
        14860.904,
        18073.33,
        17055.979,
        13258.232,
        12789.793,
        13813.959,
        18229.669,
        17835.527,
        18667.044,
        17541.827,
        16409.965,
        20925.111,
        17315.746,
        18563.983,
        15587.598,
        18558.295
      ],
      "peak_memory_mb": 451.25390625
    },
    {
      "wallclock_ms": 348527.891,
      "throughput_qps": 0.057384216633612255,
      "num_failures": 0,
      "orchestration_ms": [
        2502.764000000001,
        1662.5560000000005,
        1666.8490000000002,
        2413.5290000000005,
        2359.7389999999996,
        2422.3199999999997,
        2569.2739999999994,
        1682.311999999998,
        1736.5419999999995,
        1697.3899999999994,
        4225.189999999999,
        2220.170000000002,
        2092.756000000001,
        5641.978999999999,
        3522.7569999999996,
        3876.5870000000014,
        1893.7240000000002,
        4804.517000000002,
        2853.7129999999997,
        2000.6370000000006
      ],
      "active_latency_ms": [
        13424.937000000002,
        17929.202,
        16013.026,
        16147.754,
        12998.576,
        13371.383,
        14527.264000000001,
        19159.463,
        15244.031,
        13467.486,
        16300.412,
        13522.051000000001,
        14244.911,
        20486.425,
        14131.356,
        18141.543,
        15467.253,
        19362.935,
        18355.869,
        12426.11
      ],
      "gross_wallclock_ms": [
        16079.551,
        18064.493,
        16190.137,
        16284.844,
        16198.98,
        15747.073,
        17731.355,
        19418.281,
        17971.946,
        16555.237,
        19799.243,
        16523.276,
        16932.757,
        20645.36,
        17203.052,
        18141.543,
        15529.962,
        19362.935,
        18381.442,
        15738.674
      ],
      "peak_memory_mb": 451.25390625
    },
    {
      "wallclock_ms": 341279.799,
      "throughput_qps": 0.05860294121891463,
      "num_failures": 0,
      "orchestration_ms": [
        2441.557999999999,
        1714.1149999999998,
        1622.8689999999988,
        1647.1910000000007,
        1662.5830000000005,
        1670.1209999999992,
        1660.112000000001,
        2357.8390000000018,
        2491.572,
        2507.281000000001,
        5153.211999999998,
        2254.8399999999983,
        2408.4760000000006,
        3716.315999999999,
        2208.0710000000017,
        4060.5449999999983,
        1878.3400000000001,
        3533.738000000001,
        2637.339,
        2462.847999999998
      ],
      "active_latency_ms": [
        14175.284,
        11863.818,
        14362.273,
        16951.058,
        15960.224,
        16026.769,
        10540.322,
        13940.333,
        11203.544,
        12348.34,
        21165.853,
        17870.744,
        15982.896,
        20830.71,
        17753.255,
        17852.941,
        20389.963,
        20985.505,
        18056.376,
        15878.451000000001
      ],
      "gross_wallclock_ms": [
        14436.65,
        14352.645,
        14651.5,
        17095.213,
        16158.014,
        16182.683,
        12462.89,
        16614.528,
        13428.881,
        14116.646,
        21165.853,
        17870.744,
        15982.896,
        20830.71,
        17753.255,
        17852.941,
        20443.869,
        20985.505,
        18056.376,
        20814.59
      ],
      "peak_memory_mb": 451.25390625
    }
  ],
  "orchestration_ms": {
    "p50": 2358.7890000000007,
    "p90": 3889.8555000000015,
    "mean": 2550.7217499999997,
    "n": 60
  },
  "active_latency_ms": {
    "p50": 15997.961,
    "p90": 19179.8102,
    "mean": 15900.937216666667,
    "n": 60
  },
  "gross_wallclock_ms": {
    "p50": 17075.595999999998,
    "p90": 20662.283,
    "mean": 17106.563083333334,
    "n": 60
  },
  "cli_args": {
    "mode": "go",
    "concurrency": 1,
    "sweep": false,
    "max_n": 64,
    "runs": 3,
    "warmup_queries": 4,
    "queries": "/Users/anna/Desktop/agent-interception/benchmark/queries/chemcrow_20.json",
    "out_root": "/Users/anna/Desktop/agent-interception/benchmark/output/sweep",
    "skip_cold_start": false,
    "reset": true
  },
  "peak_memory_mb": 451.25390625,
  "swap_thrash_warning": false
}