{
  "lang": "go",
  "N": 2,
  "status": "OK",
  "llm_transport": "claude-cli",
  "runs": [
    {
      "wallclock_ms": 95806.559,
      "throughput_qps": 0.20875397476700944,
      "num_failures": 0,
      "num_mcp_race_failures": 0,
      "peak_memory_mb": 678.44140625,
      "thrash_warning": false,
      "rc": 0,
      "orchestration_ms": [
        363.46399999999994,
        285.5470000000005,
        381.8130000000001,
        301.85000000000036,
        321.90199999999913,
        400.59599999999955,
        383.9320000000007,
        347.54099999999926,
        372.41899999999987,
        354.6290000000008,
        403.2330000000002,
        353.0,
        435.7459999999992,
        321.88800000000083,
        705.4179999999997,
        301.0590000000002,
        313.2699999999995,
        443.3470000000016,
        391.6970000000001,
        301.90700000000015
      ],
      "active_latency_ms": [
        8255.067,
        8739.35,
        13145.257,
        6461.214,
        7526.565,
        10023.225,
        9945.548,
        7126.369,
        8772.417,
        9419.804,
        19628.839,
        13036.114,
        8694.9,
        8566.182,
        10337.08,
        6847.386,
        7336.005,
        9319.638,
        6296.75,
        6498.174
      ],
      "gross_wallclock_ms": [
        8255.067,
        8739.35,
        13145.257,
        6461.214,
        7526.565,
        10023.225,
        9945.548,
        7126.369,
        8772.417,
        9419.804,
        19628.839,
        13036.114,
        8694.9,
        8566.182,
        10337.08,
        6847.386,
        7336.005,
        9319.638,
        6296.75,
        6498.174
      ],
      "agent_cpu_time_ms": [
        22.045,
        26.381,
        36.148,
        17.000999999999998,
        22.5,
        26.464,
        29.92200000000001,
        22.300999999999988,
        25.55299999999997,
        28.295000000000016,
        54.870000000000005,
        34.64499999999998,
        31.789999999999964,
        18.793000000000006,
        35.04000000000002,
        15.968000000000018,
        22.13299999999998,
        25.653999999999996,
        20.323000000000036,
        10.937000000000012
      ],
      "calculator_ms": [
        0.056,
        0.028,
        0.016,
        0.024,
        0.023,
        0.03,
        0.019,
        0.081,
        0.024,
        0.024,
        0.026,
        0.063,
        0.022,
        0.031,
        0.038,
        0.025,
        0.03,
        0.042,
        0.031,
        0.026,
        0.029,
        0.026,
        0.024,
        0.027,
        0.029,
        0.019,
        0.026,
        0.033,
        0.038,
        0.039,
        0.027,
        0.022,
        0.022,
        0.019,
        0.037,
        0.057,
        0.026,
        0.027,
        0.021
      ],
      "num_calculator_calls": [
        1,
        1,
        2,
        1,
        1,
        3,
        2,
        1,
        2,
        2,
        7,
        5,
        1,
        1,
        3,
        1,
        1,
        2,
        1,
        1
      ],
      "correct": 17
    },
    {
      "wallclock_ms": 90327.936,
      "throughput_qps": 0.221415443390625,
      "num_failures": 0,
      "num_mcp_race_failures": 0,
      "peak_memory_mb": 645.83984375,
      "thrash_warning": false,
      "rc": 0,
      "orchestration_ms": [
        332.83300000000054,
        355.89700000000084,
        324.65600000000086,
        312.1849999999995,
        317.88800000000083,
        350.7420000000002,
        363.78299999999945,
        348.1979999999994,
        532.7749999999996,
        379.08100000000013,
        365.91599999999926,
        416.09499999999935,
        322.884,
        335.48099999999977,
        356.76300000000083,
        299.95600000000013,
        323.15300000000025,
        281.8229999999994,
        395.8599999999997,
        333.40699999999924
      ],
      "active_latency_ms": [
        9287.846,
        9902.895,
        11257.445,
        7804.596,
        9320.983,
        11613.794,
        8094.449,
        6961.288,
        7997.695,
        9391.441,
        11711.568,
        11921.769,
        7523.764,
        8011.324,
        10854.134,
        6685.163,
        8081.645,
        8102.32,
        7191.785,
        7087.297
      ],
      "gross_wallclock_ms": [
        9287.846,
        9902.895,
        11257.445,
        7804.596,
        9320.983,
        11613.794,
        8094.449,
        6961.288,
        7997.695,
        9391.441,
        11711.568,
        11921.769,
        7523.764,
        8011.324,
        10854.134,
        6685.163,
        8081.645,
        8102.32,
        7191.785,
        7087.297
      ],
      "agent_cpu_time_ms": [
        21.075000000000003,
        25.663,
        29.22200000000001,
        16.75399999999999,
        26.950999999999993,
        30.081999999999994,
        24.74199999999999,
        24.221999999999994,
        24.025000000000006,
        25.543000000000006,
        32.781000000000006,
        33.762,
        26.201999999999998,
        28.863,
        28.161999999999978,
        22.84299999999999,
        25.22799999999998,
        23.30899999999997,
        20.911999999999978,
        16.32000000000005
      ],
      "calculator_ms": [
        0.091,
        0.022,
        0.022,
        0.035,
        0.033,
        0.026,
        1.198,
        0.021,
        0.021,
        0.029,
        0.033,
        0.03,
        0.021,
        0.033,
        0.024,
        0.028,
        0.029,
        0.027,
        0.023,
        0.016,
        0.024,
        0.027,
        0.02,
        0.034,
        0.031,
        0.022,
        0.03,
        0.047,
        0.042,
        0.058,
        0.04,
        0.019,
        0.028
      ],
      "num_calculator_calls": [
        1,
        1,
        1,
        1,
        1,
        3,
        2,
        1,
        2,
        2,
        3,
        5,
        1,
        1,
        3,
        1,
        1,
        1,
        1,
        1
      ],
      "correct": 19
    },
    {
      "wallclock_ms": 91221.42,
      "throughput_qps": 0.21924675147569508,
      "num_failures": 0,
      "num_mcp_race_failures": 0,
      "peak_memory_mb": 649.01953125,
      "thrash_warning": false,
      "rc": 0,
      "orchestration_ms": [
        334.5740000000005,
        324.2439999999997,
        483.2999999999993,
        406.22499999999854,
        341.5829999999987,
        357.5650000000005,
        508.6229999999996,
        280.3630000000012,
        355.59400000000096,
        310.0110000000004,
        632.0560000000005,
        720.2089999999989,
        352.6770000000006,
        336.9870000000001,
        520.9210000000003,
        297.64899999999943,
        891.5859999999993,
        397.28700000000026,
        296.625,
        319.5540000000001
      ],
      "active_latency_ms": [
        7909.398,
        7909.93,
        10390.06,
        10962.157,
        7610.15,
        8754.647,
        9328.368,
        8229.788,
        8455.308,
        7927.075,
        12352.885,
        13778.942,
        6953.453,
        7806.2,
        9180.975,
        5717.33,
        9430.706,
        11514.144,
        10693.287,
        7463.792
      ],
      "gross_wallclock_ms": [
        7909.398,
        7909.93,
        10390.06,
        10962.157,
        7610.15,
        8754.647,
        9328.368,
        8229.788,
        8455.308,
        7927.075,
        12352.885,
        13778.942,
        6953.453,
        7806.2,
        9180.975,
        5717.33,
        9430.706,
        11514.144,
        10693.287,
        7463.792
      ],