{
  "lang": "go",
  "N": 4,
  "status": "OK",
  "llm_transport": "claude-cli",
  "runs": [
    {
      "wallclock_ms": 46182.44,
      "throughput_qps": 0.4330650351085824,
      "num_failures": 0,
      "num_mcp_race_failures": 0,
      "peak_memory_mb": 1195.33984375,
      "thrash_warning": false,
      "rc": 0,
      "orchestration_ms": [
        346.0789999999997,
        308.9469999999992,
        320.28199999999924,
        300.15799999999945,
        317.16399999999976,
        453.128999999999,
        309.7049999999999,
        333.78600000000006,
        384.6389999999992,
        369.8150000000005,
        516.9040000000005,
        457.45100000000093,
        360.20700000000033,
        281.70900000000074,
        524.2119999999995,
        254.6859999999997,
        400.197000000001,
        454.1179999999986,
        353.90000000000055,
        319.03499999999985
      ],
      "active_latency_ms": [
        8165.433,
        7794.306,
        10026.032,
        12292.57,
        8436.453,
        11289.469,
        6567.622,
        7152.227,
        9617.804,
        7113.323,
        10037.29,
        14571.515,
        7654.192,
        7306.189,
        8719.666,
        6949.977,
        7199.792,
        10321.237,
        7612.036,
        7864.019
      ],
      "gross_wallclock_ms": [
        8165.433,
        7794.306,
        10026.032,
        12292.57,
        8436.453,
        11289.469,
        6567.622,
        7152.227,
        9617.804,
        7113.323,
        10037.29,
        14571.515,
        7654.192,
        7306.189,
        8719.666,
        6949.977,
        7199.792,
        10321.237,
        7612.036,
        7864.019
      ],
      "agent_cpu_time_ms": [
        46.154,
        42.671,
        57.961,
        71.75200000000001,
        45.21199999999999,
        66.18099999999998,
        33.911,
        38.260999999999996,
        59.37400000000001,
        39.59,
        54.227000000000004,
        80.36399999999998,
        42.38900000000001,
        39.58700000000002,
        50.20000000000002,
        45.756,
        46.10499999999996,
        49.46500000000003,
        32.278999999999996,
        26.628000000000043
      ],
      "calculator_ms": [
        0.03,
        0.152,
        0.018,
        0.027,
        0.038,
        0.018,
        1.193,
        0.031,
        0.023,
        0.019,
        0.03,
        0.029,
        0.02,
        0.034,
        0.02,
        0.023,
        0.067,
        0.025,
        0.022,
        0.019,
        0.044,
        0.022,
        0.025,
        0.034,
        0.062,
        0.047,
        0.029,
        0.024,
        0.023,
        0.037,
        0.026,
        0.041,
        0.022
      ],
      "num_calculator_calls": [
        1,
        1,
        1,
        1,
        1,
        3,
        2,
        1,
        2,
        2,
        3,
        5,
        1,
        1,
        3,
        1,
        1,
        1,
        1,
        1
      ],
      "correct": 19
    },
    {
      "wallclock_ms": 44942.895,
      "throughput_qps": 0.44500916106984206,
      "num_failures": 0,
      "num_mcp_race_failures": 0,
      "peak_memory_mb": 1265.703125,
      "thrash_warning": false,
      "rc": 0,
      "orchestration_ms": [
        324.72600000000057,
        435.14800000000014,
        328.84200000000055,
        376.96600000000035,
        346.10100000000057,
        558.3109999999997,
        332.3000000000002,
        332.5550000000003,
        396.8609999999999,
        314.46699999999964,
        383.862000000001,
        499.9899999999998,
        312.1750000000002,
        369.46200000000044,
        454.9230000000007,
        330.3829999999998,
        385.116,
        421.91100000000006,
        390.6359999999995,
        380.16200000000026
      ],
      "active_latency_ms": [
        8439.056,
        8150.147,
        13247.004,
        10241.459,
        7936.144,
        8095.602,
        6653.199,
        7234.031,
        5992.433,
        7578.662,
        11910.039,
        12005.584,
        6112.229,
        7597.465,
        9408.281,
        6354.921,
        8663.474,
        12448.346,
        7374.28,
        6951.39
      ],
      "gross_wallclock_ms": [
        8439.056,
        8150.147,
        13247.004,
        10241.459,
        7936.144,
        8095.602,
        6653.199,
        7234.031,
        5992.433,
        7578.662,
        11910.039,
        12005.584,
        6112.229,
        7597.465,
        9408.281,
        6354.921,
        8663.474,
        12448.346,
        7374.28,
        6951.39
      ],
      "agent_cpu_time_ms": [
        42.157999999999994,
        39.387,
        66.01400000000001,
        55.603,
        40.769999999999996,
        42.577999999999996,
        36.667,
        41.39099999999999,
        35.849999999999994,
        41.81200000000001,
        64.75799999999998,
        64.99699999999999,
        32.015000000000015,
        39.581999999999994,
        55.714,
        36.93399999999997,
        52.690999999999974,
        58.591999999999985,
        37.077,
        29.28800000000001
      ],
      "calculator_ms": [
        0.028,
        0.028,
        0.02,
        0.043,
        0.033,
        0.035,
        0.041,
        0.024,
        0.027,
        0.028,
        0.033,
        0.025,
        0.032,
        0.017,
        0.03,
        0.025,
        0.023,
        0.028,
        0.021,
        0.027,
        0.029,
        0.033,
        0.039,
        0.024,
        0.023,
        0.022,
        0.03,
        0.041,
        0.026,
        0.023,
        0.023,
        0.023,
        0.034,
        0.021
      ],
      "num_calculator_calls": [
        1,
        1,
        1,
        1,
        1,
        3,
        1,
        1,
        2,
        2,
        3,
        4,
        1,
        1,
        3,
        1,
        1,
        4,
        1,
        1
      ],
      "correct": 18
    },
    {
      "wallclock_ms": 52755.783,
      "throughput_qps": 0.37910535798511413,
      "num_failures": 0,
      "num_mcp_race_failures": 0,
      "peak_memory_mb": 1244.67578125,
      "thrash_warning": false,
      "rc": 0,
      "orchestration_ms": [
        326.1419999999998,
        320.89700000000084,
        333.53899999999885,
        313.1299999999992,
        386.73099999999977,
        473.1790000000001,
        335.90200000000004,
        353.61199999999917,
        700.652,
        293.5829999999987,
        453.512999999999,
        640.1659999999993,
        321.2019999999993,
        308.3820000000005,
        505.866,
        214.72200000000157,
        297.1769999999997,
        381.16899999999987,
        299.9249999999993,
        323.66799999999967
      ],
      "active_latency_ms": [
        8606.017,
        7229.001,
        10805.368,
        8756.999,
        7811.41,
        10863.958,
        7863.985,
        7129.096,
        9409.351,
        15474.335,
        13274.954,
        14879.372,
        7815.941,
        7014.394,
        11143.536,
        17847.711,
        9607.149,
        10250.084,
        6721.012,
        8793.59
      ],
      "gross_wallclock_ms": [
        8606.017,
        7229.001,
        10805.368,
        8756.999,
        7811.41,
        10863.958,
        7863.985,
        7129.096,
        9409.351,
        15474.335,
        13274.954,
        14879.372,
        7815.941,
        7014.394,
        11143.536,
        17847.711,
        9607.149,
        10250.084,
        6721.012,
        8793.59
      ],