{
  "lang": "go",
  "N": 1,
  "status": "OK",
  "llm_transport": "claude-cli",
  "runs": [
    {
      "wallclock_ms": 485199.228,
      "throughput_qps": 0.041220181001607036,
      "num_failures": 0,
      "num_mcp_race_failures": 0,
      "peak_memory_mb": 381.33984375,
      "thrash_warning": false,
      "rc": 0,
      "orchestration_ms": [
        398.377999999997,
        268.30599999999686,
        564.8240000000005,
        464.492000000002,
        287.2520000000004,
        1079.1560000000009,
        1186.183000000001,
        425.0269999999982,
        1318.937,
        249.38400000000183,
        679.3050000000003,
        390.3600000000006,
        361.6000000000022,
        355.8159999999989,
        449.8889999999992,
        2219.513999999999,
        356.10000000000036,
        1762.8839999999982,
        456.15799999999945,
        334.6859999999997
      ],
      "active_latency_ms": [
        34133.151,
        47752.441,
        51106.633,
        22469.019,
        34320.034,
        14420.16,
        19136.33,
        20846.408,
        15765.819,
        19580.681,
        24800.446,
        33801.658,
        18636.864,
        22510.217,
        28690.259,
        19037.196,
        11738.151,
        14497.13,
        21404.466,
        10304.716
      ],
      "gross_wallclock_ms": [
        34133.151,
        47752.441,
        51106.633,
        22469.019,
        34320.034,
        14420.16,
        19136.33,
        20846.408,
        15765.819,
        19580.681,
        24800.446,
        33801.658,
        18636.864,
        22510.217,
        28690.259,
        19037.196,
        11738.151,
        14497.13,
        21404.466,
        10304.716
      ],
      "agent_cpu_time_ms": [
        71.77,
        62.397999999999996,
        73.31299999999999,
        64.22999999999996,
        92.17200000000003,
        32.26800000000003,
        38.49800000000005,
        41.00699999999995,
        33.631000000000085,
        43.06000000000006,
        46.055000000000064,
        59.283000000000015,
        43.36900000000014,
        46.1579999999999,
        48.749000000000024,
        42.0089999999999,
        28.35200000000009,
        33.48500000000013,
        41.797000000000025,
        22.119000000000142
      ],
      "bash_spawn_ms": [
        3.023,
        2.747,
        3.167,
        3.227,
        2.421,
        2.888,
        2.851,
        4.442,
        2.547,
        3.079,
        3.105,
        3.477,
        3.791,
        3.727,
        2.973,
        4.873,
        5.513,
        3.147,
        2.69,
        3.749,
        4.1,
        2.961,
        4.813,
        3.408,
        2.914,
        3.502,
        2.913,
        2.496,
        3.02,
        2.613,
        3.633,
        4.698,
        3.345,
        3.017,
        2.782,
        2.328,
        5.682,
        2.877,
        3.187,
        3.562,
        3.333,
        3.224,
        2.806,
        3.847,
        4.164,
        3.29,
        3.1,
        2.597,
        3.023,
        3.057,
        3.262,
        2.602,
        3.367,
        3.374,
        3.478,
        4.627,
        3.341,
        3.299,
        2.966,
        2.54,
        3.059,
        2.893,
        2.468,
        2.3,
        3.643,
        3.368,
        4.292,
        2.659,
        2.067
      ],
      "bash_work_ms": [
        3.518,
        318.246,
        8.271,
        779.869,
        792.781,
        129.344,
        30.32,
        1199.47,
        940.667,
        421.615,
        1074.69,
        953.089,
        3.93,
        387.399,
        392.724,
        521.666,
        533.433,
        410.506,
        570.837,
        408.718,
        409.995,
        426.108,
        436.728,
        9.128,
        146.458,
        147.858,
        10.198,
        3.101,
        62.361,
        7.943,
        7.614,
        8.49,
        107.046,
        9.883,
        9.788,
        10.928,
        10.815,
        9.844,
        9.806,
        242.97,
        14.444,
        110.23,
        207.8,
        11.155,
        242.313,
        104.858,
        180.268,
        8.453,
        3.454,
        113.067,
        133.992,
        12.602,
        3.667,
        126.995,
        175.215,
        12.676,
        4.229,
        117.476,
        9.222,
        3.292,
        13.009,
        51.828,
        3.446,
        3.261,
        75.431,
        54.303,
        132.922,
        15.308,
        17.613
      ],
      "num_bash_calls": [
        6,
        6,
        4,
        3,
        7,
        3,
        2,
        2,
        1,
        5,
        3,
        4,
        4,
        4,
        4,
        1,
        3,
        1,
        4,
        2
      ]
    },
    {
      "wallclock_ms": 537842.157,
      "throughput_qps": 0.037185631025200575,
      "num_failures": 0,
      "num_mcp_race_failures": 0,
      "peak_memory_mb": 395.26171875,
      "thrash_warning": false,
      "rc": 0,
      "orchestration_ms": [
        481.33699999999953,
        511.9029999999984,
        539.9519999999902,
        438.08699999999953,
        432.51900000000023,
        1023.7330000000002,
        1184.2510000000002,
        1516.591999999997,
        1421.3270000000011,
        381.16599999999926,
        471.63299999999435,
        911.2619999999952,
        718.6810000000005,
        292.2769999999982,
        251.15599999999904,
        2350.895999999999,
        388.63800000000083,
        1822.566999999999,
        346.46200000000135,
        355.09699999999975
      ],
      "active_latency_ms": [
        36884.159,
        50928.092,
        91398.53,
        20659.275,
        21058.609,
        13636.311,
        18968.876,
        24480.582,
        12947.727,
        13308.741,
        40461.939,
        61553.161,
        18538.743,
        19854.78,
        18825.614,
        18523.692,
        16186.709,
        14889.367,
        14641.957,
        9877.584
      ],
      "gross_wallclock_ms": [
        36884.159,
        50928.092,
        91398.53,
        20659.275,
        21058.609,
        13636.311,
        18968.876,
        24480.582,
        12947.727,
        13308.741,
        40461.939,
        61553.161,
        18538.743,
        19854.78,
        18825.614,
        18523.692,
        16186.709,
        14889.367,
        14641.957,
        9877.584
      ],
      "agent_cpu_time_ms": [
        75.35999999999999,
        84.26299999999999,
        91.22699999999998,
        82.28500000000003,
        98.65199999999993,
        29.102999999999952,
        43.58899999999994,
        58.016000000000076,
        30.392000000000053,
        26.149999999999864,
        56.073999999999955,
        107.67499999999995,
        34.95099999999991,
        40.49900000000014,
        31.730000000000132,
        45.96900000000005,
        33.496000000000095,
        35.09500000000003,
        28.006000000000085,
        23.242999999999938
      ],