{
  "lang": "python",
  "N": 16,
  "status": "OK",
  "llm_transport": "claude-cli",
  "runs": [
    {
      "wallclock_ms": 31720.0,
      "throughput_qps": 0.6305170239596469,
      "num_failures": 0,
      "num_mcp_race_failures": 0,
      "peak_memory_mb": 3073.8671875,
      "thrash_warning": false,
      "rc": 0,
      "orchestration_ms": [
        350.33400000000074,
        356.1270000000004,
        372.3279999999995,
        360.6180000000004,
        243.0020000000004,
        705.7089999999989,
        367.9979999999996,
        429.2620000000006,
        478.9350000000013,
        348.35999999999876,
        446.367000000002,
        416.3780000000006,
        318.5660000000007,
        358.52299999999923,
        743.3439999999973,
        322.2350000000006,
        309.3040000000001,
        420.04299999999785,
        348.1890000000003,
        338.52000000000044
      ],
      "active_latency_ms": [
        13327.321,
        14478.98,
        14964.634,
        9645.932,
        12859.727,
        14155.697,
        15037.256,
        14878.959,
        17948.54,
        15456.767,
        18503.682,
        17220.169,
        11158.302,
        10756.234,
        18408.35,
        13959.198,
        14564.096,
        18542.53,
        7324.774,
        10651.596
      ],
      "gross_wallclock_ms": [
        13327.321,
        14478.98,
        14964.634,
        9645.932,
        12859.727,
        14155.697,
        15037.256,
        14878.959,
        17948.54,
        15456.767,
        18503.682,
        17220.169,
        11158.302,
        10756.234,
        18408.35,
        13959.198,
        14564.096,
        18542.53,
        7324.774,
        10651.596
      ],
      "agent_cpu_time_ms": [
        377.1519999999998,
        445.44299999999976,
        495.80600000000027,
        278.56600000000026,
        272.2339999999999,
        230.98900000000003,
        534.6219999999998,
        482.1619999999998,
        618.3719999999996,
        560.2780000000005,
        630.9279999999997,
        321.203,
        240.4739999999997,
        179.7779999999998,
        631.0359999999998,
        416.8059999999998,
        458.25699999999983,
        636.6670000000001,
        275.14500000000044,
        260.52000000000044
      ],
      "calculator_ms": [
        1.961,
        0.171,
        0.135,
        0.176,
        0.15,
        0.311,
        0.231,
        0.156,
        0.153,
        0.252,
        0.423,
        0.33,
        0.165,
        0.156,
        0.165,
        0.47,
        0.319,
        0.188,
        0.187,
        0.182,
        0.187,
        0.222,
        0.162,
        0.222,
        0.332,
        0.161,
        0.217,
        0.163,
        0.168,
        0.153,
        0.164,
        0.368,
        0.17
      ],
      "num_calculator_calls": [
        1,
        1,
        1,
        1,
        1,
        2,
        2,
        1,
        2,
        2,
        3,
        5,
        1,
        1,
        3,
        1,
        1,
        2,
        1,
        1
      ],
      "correct": 17
    },
    {
      "wallclock_ms": 26810.0,
      "throughput_qps": 0.7459903021260724,
      "num_failures": 0,
      "num_mcp_race_failures": 0,
      "peak_memory_mb": 2759.53515625,
      "thrash_warning": false,
      "rc": 0,
      "orchestration_ms": [
        493.27300000000105,
        331.9969999999994,
        335.3169999999991,
        331.6419999999998,
        330.51400000000103,
        389.0570000000007,
        315.8919999999998,
        332.0440000000017,
        458.8080000000009,
        400.5020000000004,
        493.0619999999999,
        724.8330000000005,
        313.1839999999993,
        444.11599999999817,
        552.6370000000006,
        346.9479999999985,
        403.14400000000023,
        615.4780000000028,
        457.5599999999995,
        297.5059999999994
      ],
      "active_latency_ms": [
        16488.072,
        12804.504,
        17243.675,
        8985.894,
        10591.474,
        10888.325,
        12314.624,
        13190.816,
        13413.725,
        14965.656,
        16523.163,
        13983.779,
        9703.551,
        9812.175,
        15468.565,
        12546.487,
        16941.61,
        18810.901,
        9921.813,
        9515.246
      ],
      "gross_wallclock_ms": [
        16488.072,
        12804.504,
        17243.675,
        8985.894,
        10591.474,
        10888.325,
        12314.624,
        13190.816,
        13413.725,
        14965.656,
        16523.163,
        13983.779,
        9703.551,
        9812.175,
        15468.565,
        12546.487,
        16941.61,
        18810.901,
        9921.813,
        9515.246
      ],
      "agent_cpu_time_ms": [
        551.9660000000001,
        385.34100000000035,
        587.017,
        301.549,
        248.904,
        212.64699999999993,
        336.42200000000025,
        431.0450000000003,
        444.6250000000002,
        483.95800000000054,
        562.5259999999998,
        332.1109999999999,
        216.81100000000015,
        157.67099999999982,
        506.22800000000007,
        353.8209999999997,
        571.874,
        609.7180000000001,
        323.8609999999999,
        246.74100000000044
      ],
      "calculator_ms": [
        0.246,
        0.153,
        0.465,
        0.374,
        0.155,
        0.187,
        0.205,
        1.844,
        0.186,
        0.189,
        0.203,
        0.144,
        0.304,
        0.407,
        0.165,
        0.528,
        0.158,
        0.155,
        0.16,
        0.216,
        0.197,
        0.155,
        0.202,
        0.168,
        0.186,
        0.426,
        0.198,
        0.154,
        0.329,
        0.365,
        0.178,
        0.544,
        0.183,
        0.217,
        0.221
      ],
      "num_calculator_calls": [
        1,
        1,
        1,
        1,
        1,
        2,
        1,
        1,
        2,
        2,
        3,
        5,
        1,
        1,
        3,
        1,
        2,
        4,
        1,
        1
      ],
      "correct": 18
    },
    {
      "wallclock_ms": 75860.0,
      "throughput_qps": 0.2636435539151068,
      "num_failures": 0,
      "num_mcp_race_failures": 0,
      "peak_memory_mb": 3475.2109375,
      "thrash_warning": false,
      "rc": 0,
      "orchestration_ms": [
        515.5380000000005,
        340.63300000000163,
        469.271999999999,
        321.2459999999992,
        435.47999999999956,
        491.48099999999977,
        393.5040000000008,
        313.9459999999999,
        346.59399999999914,
        453.7950000000001,
        527.5390000000007,
        836.8999999999996,
        402.28499999999804,
        399.0049999999992,
        462.63900000000103,
        363.03899999999885,
        375.5729999999985,
        436.1660000000011,
        356.951,
        236.22999999999593
      ],
      "active_latency_ms": [
        14271.821,
        12288.299,
        13895.106,
        15037.98,
        11422.749,
        61672.761,
        13479.285,
        11811.497,
        15119.774,
        14162.848,
        22109.329,
        16640.888,
        10148.862,
        11432.178,
        13637.208,
        14237.929,
        14116.016,
        17431.752,
        6788.148,
        52605.591
      ],
      "gross_wallclock_ms": [
        14271.821,
        12288.299,
        13895.106,
        15037.98,
        11422.749,
        61672.761,
        13479.285,
        11811.497,
        15119.774,
        14162.848,
        22109.329,
        16640.888,
        10148.862,
        11432.178,
        13637.208,
        14237.929,
        14116.016,
        17431.752,
        6788.148,
        52605.591
      ],