{
  "lang": "python",
  "N": 8,
  "status": "OK",
  "llm_transport": "claude-cli",
  "runs": [
    {
      "wallclock_ms": 115590.0,
      "throughput_qps": 0.17302534821351329,
      "num_failures": 0,
      "num_mcp_race_failures": 0,
      "peak_memory_mb": 2405.9453125,
      "thrash_warning": false,
      "rc": 0,
      "orchestration_ms": [
        614.9500000000116,
        260.3140000000021,
        481.3380000000034,
        449.1220000000012,
        543.3389999999999,
        607.6059999999998,
        1510.778000000002,
        1802.3969999999972,
        1205.7199999999975,
        383.14300000000003,
        331.04899999999907,
        764.2810000000027,
        327.47799999999916,
        436.39199999999255,
        420.83100000000195,
        2502.675000000001,
        400.59600000000137,
        1866.8830000000016,
        2585.5499999999993,
        318.71099999999933
      ],
      "active_latency_ms": [
        90272.179,
        31900.507,
        69694.698,
        16278.268,
        45837.741,
        25118.561,
        19352.919,
        24171.997,
        20847.564,
        16909.218,
        33365.491,
        61444.449,
        25916.953,
        35853.268,
        24878.952,
        16316.358,
        13628.539,
        20074.062,
        24170.641,
        18619.761
      ],
      "gross_wallclock_ms": [
        90272.179,
        31900.507,
        69694.698,
        16278.268,
        45837.741,
        25118.561,
        19352.919,
        24171.997,
        20847.564,
        16909.218,
        33365.491,
        61444.449,
        25916.953,
        35853.268,
        24878.952,
        16316.358,
        13628.539,
        20074.062,
        24170.641,
        18619.761
      ],
      "agent_cpu_time_ms": [
        1434.9809999999998,
        849.3600000000001,
        648.6310000000008,
        236.1219999999994,
        1723.872,
        831.1730000000002,
        739.4639999999999,
        938.4759999999997,
        770.8990000000008,
        564.6380000000008,
        489.02200000000084,
        2231.138999999999,
        1049.7610000000002,
        1344.58,
        883.4039999999995,
        527.6700000000005,
        466.0399999999995,
        649.663,
        758.4300000000003,
        608.8229999999999
      ],
      "bash_spawn_ms": [
        5.191,
        6.466,
        7.129,
        7.975,
        3.809,
        3.997,
        19.147,
        7.577,
        4.844,
        8.003,
        3.813,
        4.288,
        6.226,
        13.434,
        6.745,
        3.866,
        4.834,
        5.399,
        4.896,
        3.765,
        6.371,
        4.941,
        5.532,
        4.373,
        5.073,
        13.416,
        10.103,
        7.326,
        18.915,
        5.366,
        5.985,
        5.039,
        5.362,
        4.067,
        3.752,
        3.948,
        5.144,
        31.49,
        6.047,
        6.77,
        4.935,
        17.553,
        4.566,
        6.553,
        5.44,
        9.788,
        6.919,
        17.706,
        9.925,
        3.958,
        7.925,
        5.97,
        6.09,
        5.179,
        6.109,
        6.389,
        6.418,
        6.147,
        5.422,
        21.838,
        5.042,
        18.925,
        5.919,
        18.569,
        6.336,
        3.804,
        23.438,
        5.765,
        4.429,
        4.927
      ],
      "bash_work_ms": [
        836.314,
        35.65,
        43.287,
        528.417,
        373.968,
        474.518,
        40.193,
        2142.524,
        457.1,
        1047.268,
        1096.197,
        1044.582,
        66.154,
        619.846,
        541.302,
        404.035,
        426.625,
        467.484,
        438.047,
        84.164,
        525.97,
        497.862,
        939.412,
        581.487,
        3361.166,
        14.286,
        8.523,
        20.65,
        5.088,
        8.372,
        4.562,
        91.086,
        10.671,
        77.307,
        9.669,
        11.427,
        26.434,
        237.108,
        9.662,
        3.949,
        102.268,
        216.498,
        9.07,
        200.398,
        3.524,
        240.499,
        148.525,
        322.238,
        14.513,
        184.458,
        138.32,
        270.776,
        11.686,
        117.089,
        244.916,
        11.293,
        19.134,
        5.6,
        124.898,
        241.682,
        2.968,
        163.644,
        9.55,
        6.133,
        16.363,
        56.795,
        7.255,
        19.633,
        16.398,
        28.569
      ],
      "num_bash_calls": [
        6,
        7,
        4,
        3,
        5,
        2,
        2,
        3,
        2,
        3,
        4,
        10,
        3,
        5,
        3,
        1,
        3,
        1,
        1,
        2
      ]
    },
    {
      "wallclock_ms": 98660.0,
      "throughput_qps": 0.20271639975674033,
      "num_failures": 0,
      "num_mcp_race_failures": 0,
      "peak_memory_mb": 2430.33203125,
      "thrash_warning": false,
      "rc": 0,
      "orchestration_ms": [
        438.4290000000037,
        345.9429999999993,
        574.1260000000038,
        384.79899999999907,
        527.1970000000001,
        525.4589999999989,
        1376.6670000000013,
        852.3580000000002,
        1241.7279999999992,
        320.47499999999854,
        329.8149999999987,
        509.17399999999907,
        510.1800000000003,
        382.86599999999817,
        578.5580000000009,
        1557.2299999999996,
        544.1209999999992,
        1753.671000000002,
        371.6419999999998,
        373.759
      ],
      "active_latency_ms": [
        35212.576,
        29328.908,
        50622.741,
        21759.836,
        59812.088,
        21417.012,
        20692.521,
        39079.316,
        17678.981,
        21747.798,
        23183.751,
        78822.955,
        30302.521,
        26806.176,
        25546.409,
        15963.255,
        13703.899,
        20583.951,
        17613.757,
        12993.491
      ],
      "gross_wallclock_ms": [
        35212.576,
        29328.908,
        50622.741,
        21759.836,
        59812.088,
        21417.012,
        20692.521,
        39079.316,
        17678.981,
        21747.798,
        23183.751,
        78822.955,
        30302.521,
        26806.176,
        25546.409,
        15963.255,
        13703.899,
        20583.951,
        17613.757,
        12993.491
      ],
      "agent_cpu_time_ms": [
        1179.429,
        916.3740000000003,
        605.9080000000008,
        287.1869999999999,
        2085.5820000000003,
        678.6419999999998,
        720.02,
        1312.88,
        584.23,
        621.6460000000006,
        338.9520000000007,
        2303.7659999999996,
        1143.6260000000002,
        1008.7169999999996,
        869.7779999999993,
        472.31199999999944,
        461.93100000000004,
        634.817,
        530.4609999999998,
        392.7919999999999
      ],