{
  "mode": "py-mt",
  "N": 1,
  "llm_transport": "claude-cli",
  "cold_start_ms": 14759.207223003614,
  "warmup_queries": 4,
  "median_per_query_wallclock_ms_at_n1": 15120.1265,
  "runs": [
    {
      "wallclock_ms": 309516.6259760008,
      "throughput_qps": 0.06461688426892698,
      "num_failures": 0,
      "orchestration_ms": [
        20.990999999999985,
        47.22099999999955,
        24.477999999999156,
        24.200999999999112,
        39.62199999999939,
        66.20499999999993,
        51.52800000000025,
        25.925999999999476,
        69.04199999999946,
        60.93299999999908,
        305.8860000000004,
        398.59199999999873,
        320.6800000000003,
        220.50900000000183,
        232.4290000000001,
        224.9900000000016,
        224.9400000000005,
        2153.8640000000014,
        143.14499999999862,
        298.00800000000163
      ],
      "active_latency_ms": [
        11905.833,
        15339.128999999999,
        13354.806999999999,
        14219.363,
        14414.358,
        13583.823,
        11645.659,
        15559.432999999999,
        13921.351,
        12641.495,
        14851.399,
        13288.704,
        15062.986,
        17400.985,
        16351.307,
        22491.329,
        13721.49,
        22488.113,
        16095.937,
        16249.54
      ],
      "gross_wallclock_ms": [
        12265.152,
        15917.558,
        13634.743,
        14526.27,
        14883.921,
        13844.155,
        12138.281,
        16351.685,
        14238.101,
        12921.969,
        14851.399,
        13288.704,
        15062.986,
        17400.985,
        16351.307,
        22491.329,
        14202.139,
        22717.277,
        16095.937,
        16249.54
      ],
      "peak_memory_mb": 453.265625
    },
    {
      "wallclock_ms": 324149.33433600527,
      "throughput_qps": 0.06169995703051017,
      "num_failures": 0,
      "orchestration_ms": [
        21.873999999999796,
        51.20299999999952,
        31.350000000000364,
        22.01300000000083,
        47.02399999999943,
        64.9260000000013,
        56.983000000000175,
        15.791999999999462,
        73.21800000000076,
        61.030000000000655,
        233.20699999999852,
        226.32300000000032,
        379.509,
        188.27899999999863,
        735.9239999999991,
        259.3009999999995,
        216.7870000000039,
        237.69700000000375,
        240.79200000000128,
        198.30299999999625
      ],
      "active_latency_ms": [
        13842.029999999999,
        13259.867,
        14717.077000000001,
        14591.866,
        12717.341999999999,
        13526.416000000001,
        12896.271999999999,
        15364.699,
        13797.988000000001,
        12244.742,
        16563.313,
        17069.215,
        15327.529,
        18274.321,
        13506.069,
        20972.618,
        19221.561,
        18066.223,
        16955.982,
        18238.152
      ],
      "gross_wallclock_ms": [
        14223.1,
        13614.858,
        15177.267,
        14970.152,
        13159.544,
        13830.638,
        13419.389,
        15760.978,
        14255.338,
        12616.37,
        16563.313,
        17069.215,
        15327.529,
        18274.321,
        22424.815,
        20972.618,
        19221.561,
        18066.223,
        16955.982,
        18238.152
      ],
      "peak_memory_mb": 453.265625
    },
    {
      "wallclock_ms": 316835.7032510103,
      "throughput_qps": 0.06312419905579636,
      "num_failures": 0,
      "orchestration_ms": [
        20.91699999999946,
        64.41999999999825,
        32.38600000000042,
        22.186999999999898,
        40.74099999999817,
        86.16200000000026,
        55.31999999999971,
        17.27799999999843,
        84.16100000000006,
        61.07999999999993,
        231.15300000000207,
        371.0789999999997,
        307.47600000000057,
        215.68699999999808,
        337.4210000000003,
        252.72199999999793,
        240.34599999999955,
        225.05199999999968,
        305.7620000000006,
        303.09699999999975
      ],
      "active_latency_ms": [
        15128.794,
        17094.400999999998,
        13673.188,
        13753.538,
        16509.482,
        18444.663,
        15716.846,
        13299.985999999999,
        11939.547,
        14569.460000000001,
        16398.648,
        14580.492,
        13483.758,
        19178.067,
        16045.053,
        23346.119,
        12492.301,
        17351.356,
        14953.195,
        13925.193
      ],
      "gross_wallclock_ms": [
        15401.739,
        17479.811,
        14121.857,
        14746.733,
        16928.185,
        18892.959,
        16106.295,
        13726.117,
        12352.465,
        14893.567,
        16398.648,
        14580.492,
        13483.758,
        19178.067,
        16045.053,
        23346.119,
        12845.737,
        17351.356,
        14953.195,
        13925.193
      ],
      "peak_memory_mb": 453.265625
    }
  ],
  "orchestration_ms": {
    "p50": 114.65349999999944,
    "p90": 322.3541000000003,
    "mean": 193.15286666666663,
    "n": 60
  },
  "active_latency_ms": {
    "p50": 14902.296999999999,
    "p90": 18518.0034,
    "mean": 15460.406833333334,
    "n": 60
  },
  "gross_wallclock_ms": {
    "p50": 15120.1265,
    "p90": 19182.416400000002,
    "mean": 15838.869116666667,
    "n": 60
  },
  "cli_args": {
    "mode": "py-mt",
    "concurrency": 1,
    "sweep": false,
    "max_n": 64,
    "runs": 3,
    "warmup_queries": 4,
    "queries": "/Users/anna/Desktop/agent-interception/benchmark/queries/chemcrow_20.json",
    "out_root": "/Users/anna/Desktop/agent-interception/benchmark/output/sweep",
    "skip_cold_start": false,
    "reset": true
  },
  "peak_memory_mb": 453.265625,
  "swap_thrash_warning": false
}