{
  "lang": "go",
  "N": 8,
  "status": "OK",
  "llm_transport": "claude-cli",
  "runs": [
    {
      "wallclock_ms": 138771.025,
      "throughput_qps": 0.14412230507052898,
      "num_failures": 0,
      "num_mcp_race_failures": 0,
      "peak_memory_mb": 2275.90625,
      "thrash_warning": false,
      "rc": 0,
      "orchestration_ms": [
        797.7189999999973,
        590.4069999999992,
        775.2780000000057,
        60692.65899999999,
        534.711000000003,
        825.762999999999,
        944.2150000000001,
        821.9720000000016,
        1194.4259999999995,
        346.4989999999998,
        407.46099999999933,
        550.0159999999887,
        346.5159999999996,
        377.2559999999976,
        381.88500000000204,
        2117.9850000000006,
        403.2049999999999,
        1870.8940000000002,
        299.4160000000011,
        407.03199999999924
      ],
      "active_latency_ms": [
        41482.146,
        53309.363,
        90389.202,
        113841.658,
        62887.896,
        19172.137,
        25162.102,
        34916.185,
        22093.071,
        20275.999,
        24035.862,
        97466.93,
        26319.825,
        20561.634,
        29339.186,
        18997.025,
        15851.199,
        14587.6,
        15220.199,
        9792.685
      ],
      "gross_wallclock_ms": [
        41482.146,
        53309.363,
        90389.202,
        113841.658,
        62887.896,
        19172.137,
        25162.102,
        34916.185,
        22093.071,
        20275.999,
        24035.862,
        97466.93,
        26319.825,
        20561.634,
        29339.186,
        18997.025,
        15851.199,
        14587.6,
        15220.199,
        9792.685
      ],
      "agent_cpu_time_ms": [
        555.575,
        700.5069999999998,
        1046.281,
        1101.8300000000002,
        793.4820000000001,
        362.251,
        457.38800000000003,
        565.71,
        263.53200000000004,
        218.65200000000004,
        271.99,
        586.319,
        320.70000000000005,
        251.26700000000005,
        341.9859999999999,
        223.23199999999986,
        192.50300000000004,
        149.288,
        150.673,
        67.08300000000008
      ],
      "bash_spawn_ms": [
        5.229,
        2.454,
        5.721,
        2.665,
        51.912,
        8.279,
        2.508,
        2.537,
        3.154,
        10.987,
        16.036,
        5.14,
        4.605,
        2.269,
        2.983,
        2.459,
        12.178,
        5.199,
        9.352,
        6.448,
        2.904,
        3.214,
        3.229,
        3.696,
        2.616,
        4.257,
        4.016,
        8.894,
        8.503,
        3.429,
        4.511,
        3.013,
        5.105,
        2.993,
        6.05,
        2.574,
        3.023,
        11.355,
        7.702,
        5.234,
        6.004,
        5.508,
        5.149,
        4.398,
        5.15,
        6.519,
        5.468,
        4.545,
        8.401,
        4.916,
        3.082,
        2.671,
        2.765,
        2.314,
        4.805,
        2.746,
        2.546,
        2.954,
        2.164,
        5.762,
        2.751,
        6.26,
        6.104,
        2.7,
        3.245,
        3.038,
        4.669,
        4.601,
        6.039,
        4.919,
        2.472,
        2.892,
        2.244,
        11.033,
        2.708,
        2.576,
        2.458,
        3.172,
        2.175,
        3.383,
        2.273,
        2.288
      ],
      "bash_work_ms": [
        3.148,
        2.812,
        2003.967,
        1010.746,
        2559.55,
        129.451,
        26.419,
        2025.749,
        1.985,
        1249.261,
        1168.928,
        2269.655,
        91.166,
        422.13,
        48.835,
        471.357,
        1258.502,
        845.259,
        1214.503,
        103.132,
        123.85,
        473.366,
        4469.021,
        915.366,
        19.158,
        484.37,
        4648.877,
        408.736,
        248.141,
        270.596,
        8.531,
        7.319,
        10.675,
        23.382,
        9.492,
        4.127,
        160.551,
        20.065,
        123.628,
        18.345,
        6.069,
        18.586,
        188.502,
        14.092,
        8.443,
        154.237,
        306.643,
        22.917,
        249.26,
        50.026,
        58.801,
        16.921,
        10.056,
        107.012,
        11.061,
        5.099,
        175.069,
        101.999,
        288.943,
        8.207,
        6.156,
        180.086,
        168.591,
        17.083,
        4.719,
        136.974,
        267.177,
        12.636,
        3.359,
        120.296,
        9.308,
        13.974,
        3.011,
        11.139,
        49.667,
        3.161,
        11.422,
        99.451,
        7.783,
        10.448,
        11.47
      ],
      "num_bash_calls": [
        6,
        7,
        2,
        6,
        9,
        2,
        2,
        3,
        2,
        3,
        4,
        12,
        4,
        4,
        4,
        2,
        3,
        1,
        2,
        3
      ]
    },
    {
      "wallclock_ms": 128832.262,
      "throughput_qps": 0.1552406182234074,
      "num_failures": 0,
      "num_mcp_race_failures": 0,
      "peak_memory_mb": 2235.31640625,
      "thrash_warning": false,
      "rc": 0,
      "orchestration_ms": [
        645.2639999999956,
        574.5899999999965,
        303.7299999999959,
        605.4490000000005,
        573.5590000000084,
        543.7440000000024,
        778.268,
        2638.249,
        1498.3689999999988,
        1113.9559999999983,
        984.2570000000014,
        609.140999999996,
        301.70600000000195,
        661.7330000000002,
        387.36499999999796,
        2232.6620000000003,
        373.1220000000012,
        749.8029999999999,
        2060.3430000000008,
        338.59300000000076
      ],
      "active_latency_ms": [
        76702.669,
        57120.361,
        128726.318,
        35610.459,
        71119.936,
        23832.506,
        27887.866,
        26599.286,
        16468.565,
        18454.426,
        28245.538,
        28639.278,
        22629.946,
        27290.154,
        25037.172,
        21369.708,
        13954.12,
        14479.572,
        18719.246,
        12270.616
      ],
      "gross_wallclock_ms": [
        76702.669,
        57120.361,
        128726.318,
        35610.459,
        71119.936,
        23832.506,
        27887.866,
        26599.286,
        16468.565,
        18454.426,
        28245.538,
        28639.278,
        22629.946,
        27290.154,
        25037.172,
        21369.708,
        13954.12,
        14479.572,
        18719.246,
        12270.616
      ],
      "agent_cpu_time_ms": [
        1022.3090000000001,
        701.289,
        1104.7669999999998,
        497.87800000000004,
        933.6189999999999,
        473.515,
        528.7679999999999,
        484.01400000000007,
        190.216,
        198.41999999999996,
        286.74,
        339.99800000000005,
        241.4079999999999,
        361.35,
        369.951,
        319.26199999999994,
        222.539,
        215.23900000000003,
        164.7539999999999,
        114.54700000000003
      ],