{
  "mode": "py-mt",
  "N": 8,
  "llm_transport": "claude-cli",
  "cold_start_ms": 18974.534688008134,
  "warmup_queries": 4,
  "median_per_query_wallclock_ms_at_n1": null,
  "runs": [
    {
      "wallclock_ms": 66022.46406199993,
      "throughput_qps": 0.3029271973432942,
      "num_failures": 0,
      "orchestration_ms": [
        46.25800000000163,
        53.65299999999843,
        26.235000000000582,
        27.828999999997905,
        48.10900000000038,
        66.36900000000242,
        55.33899999999994,
        13.30199999999968,
        122.99699999999939,
        89.99399999999878,
        308.08799999999974,
        397.77200000000084,
        518.3439999999991,
        255.54200000000128,
        497.46299999999974,
        443.0109999999986,
        342.96899999999914,
        263.4400000000023,
        352.79399999999805,
        835.2799999999988
      ],
      "active_latency_ms": [
        17489.197,
        22523.404,
        20902.528,
        26222.958,
        16855.995000000003,
        18039.055,
        22592.637,
        18108.873,
        14262.094,
        19164.032,
        19693.353,
        20206.766,
        16607.388,
        21237.097,
        16354.937,
        18385.874,
        16149.076,
        19869.937,
        17103.691,
        27663.228
      ],
      "gross_wallclock_ms": [
        18159.545,
        22949.909,
        21458.787,
        26604.957,
        17273.388,
        18457.98,
        22926.236,
        18558.365,
        14633.349,
        19358.176,
        19693.353,
        20206.766,
        16607.388,
        21237.097,
        16354.937,
        18385.874,
        16301.992,
        19869.937,
        17103.691,
        27851.088
      ],
      "peak_memory_mb": 2435.51953125
    },
    {
      "wallclock_ms": 67154.56875500968,
      "throughput_qps": 0.2978203921309228,
      "num_failures": 0,
      "orchestration_ms": [
        37.44800000000032,
        79.59700000000157,
        41.25699999999779,
        29.2400000000016,
        65.9439999999995,
        158.54699999999866,
        186.13400000000183,
        31.04899999999907,
        153.85299999999916,
        91.29000000000087,
        535.6179999999986,
        307.5630000000019,
        295.47000000000116,
        4892.1759999999995,
        428.4330000000009,
        680.0250000000015,
        239.77700000000186,
        219.52599999999802,
        285.77300000000105,
        267.400999999998
      ],
      "active_latency_ms": [
        15452.635,
        18464.839,
        17556.892,
        16966.897,
        17931.27,
        18039.353,
        19734.571,
        20354.008,
        19883.679,
        18856.762,
        23913.802,
        21286.288,
        21215.561,
        30098.069,
        22294.703,
        25013.467,
        30635.252,
        18362.617,
        17418.187,
        18766.712
      ],
      "gross_wallclock_ms": [
        16212.377,
        19340.715,
        18395.277,
        17738.883,
        18671.618,
        18663.164,
        20018.593,
        21204.379,
        20259.319,
        19254.991,
        23913.802,
        21286.288,
        21215.561,
        30098.069,
        22294.703,
        25013.467,
        30635.252,
        18362.617,
        17418.187,
        18766.712
      ],
      "peak_memory_mb": 2435.51953125
    },
    {
      "wallclock_ms": 65308.87680599699,
      "throughput_qps": 0.3062370841166189,
      "num_failures": 0,
      "orchestration_ms": [
        24.979999999999563,
        79.98799999999756,
        35.831999999998516,
        24.389000000002852,
        41.85699999999997,
        69.91600000000108,
        62.65200000000186,
        18.07600000000093,
        89.20899999999892,
        77.89600000000064,
        272.67299999999886,
        331.25,
        383.7920000000013,
        280.4599999999991,
        371.40200000000186,
        216.82500000000073,
        241.0609999999997,
        245.88600000000224,
        226.41400000000067,
        532.2909999999993
      ],
      "active_latency_ms": [
        18742.459,
        17377.621,
        17582.174,
        17150.166,
        17375.745,
        20694.058,
        21788.195,
        17743.940000000002,
        16064.821,
        16798.262000000002,
        19643.997,
        20961.585,
        16777.68,
        20928.032,
        23268.758,
        23235.658,
        15366.109,
        17081.113,
        30200.091,
        14818.877
      ],
      "gross_wallclock_ms": [
        19187.39,
        17686.975,
        18029.312,
        17925.113,
        17779.847,
        21361.564,
        22384.25,
        18298.733,
        16345.279,
        17193.405,
        19643.997,
        20961.585,
        16777.68,
        20928.032,
        23268.758,
        23235.658,
        15457.79,
        17081.113,
        30200.091,
        14818.877
      ],
      "peak_memory_mb": 2435.51953125
    }
  ],
  "orchestration_ms": {
    "p50": 201.47950000000128,
    "p90": 499.5510999999997,
    "mean": 290.29596666666674,
    "n": 60
  },
  "active_latency_ms": {
    "p50": 18754.5855,
    "p90": 24023.768500000002,
    "mean": 19754.61708333333,
    "n": 60
  },
  "gross_wallclock_ms": {
    "p50": 19221.1905,
    "p90": 24023.768500000002,
    "mean": 20022.0373,
    "n": 60
  },
  "cli_args": {
    "mode": "py-mt",
    "concurrency": 8,
    "sweep": false,
    "max_n": 64,
    "runs": 3,
    "warmup_queries": 4,
    "queries": "/Users/anna/Desktop/agent-interception/benchmark/queries/chemcrow_20.json",
    "out_root": "/Users/anna/Desktop/agent-interception/benchmark/output/sweep",
    "skip_cold_start": false,
    "reset": true
  },
  "peak_memory_mb": 2435.51953125,
  "swap_thrash_warning": false
}