config,total_latency_ms_mean,total_latency_ms_p50,total_latency_ms_p95,tool_search_ms_mean,tool_search_ms_p50,tool_search_ms_p95,tool_fetch_ms_mean,tool_fetch_ms_p50,tool_fetch_ms_p95,tool_summarize_ms_mean,tool_summarize_ms_p50,tool_summarize_ms_p95,tool_time_ms_mean,tool_time_ms_p50,tool_time_ms_p95,llm_time_ms_mean,llm_time_ms_p50,llm_time_ms_p95,framework_overhead_ms_mean,framework_overhead_ms_p50,framework_overhead_ms_p95,tool_time_fraction_mean,tool_time_fraction_p50,tool_time_fraction_p95,llm_time_fraction_mean,llm_time_fraction_p50,llm_time_fraction_p95,num_tool_calls_mean,num_tool_calls_p50,num_tool_calls_p95,num_retries_mean,num_retries_p50,num_retries_p95,num_parse_errors_mean,num_parse_errors_p50,num_parse_errors_p95,num_llm_turns_mean,num_llm_turns_p50,num_llm_turns_p95
go,37125.457800000004,34711.845,148703.89375000002,0.0184,0.005,0.05565000000000012,717.0469,165.85500000000002,2251.348650000003,0.0,0.0,0.0,717.0653,165.8585,2251.356550000003,3704.00115,3743.075,10331.1242,1.8189894035458566e-13,0.0,1.8189894035458823e-13,0.0975081016087718,0.04503960653404758,0.3140590719204187,0.9024918983912282,0.9549603934659529,1.0,2.4,2.0,10.0,0.0,0.0,0.0,0.0,0.0,0.0,3.1,3.0,10.0
py,53116.21125000001,34987.716499999995,145906.7938,0.25995,0.121,0.8962000000000001,841.56305,668.4345,2092.3783500000004,0.0,0.0,0.0,841.823,668.9359999999999,2092.7755000000006,5004.12485,4030.8725000000004,10113.4027,3.637978807091713e-13,0.0,3.637978807091713e-12,0.1352166296857186,0.1292202554897902,0.2752175633405749,0.8647833703142815,0.8707797445102101,0.9999270770803174,3.7,3.0,10.0,0.0,0.0,0.0,0.0,0.0,0.0,4.15,3.0,10.0
