{
  "lang": "go",
  "N": 8,
  "status": "OK",
  "llm_transport": "claude-cli",
  "runs": [
    {
      "wallclock_ms": 31682.039,
      "throughput_qps": 0.6312725011164844,
      "num_failures": 0,
      "num_mcp_race_failures": 0,
      "peak_memory_mb": 2377.3828125,
      "thrash_warning": false,
      "rc": 0,
      "orchestration_ms": [
        421.3720000000012,
        344.79699999999866,
        363.2600000000002,
        347.15700000000106,
        403.96099999999933,
        565.4420000000009,
        450.3470000000016,
        634.534999999998,
        378.04199999999946,
        742.2600000000002,
        426.0750000000007,
        679.1950000000015,
        308.0169999999998,
        479.1130000000012,
        598.4250000000011,
        376.5499999999993,
        363.2510000000002,
        339.4249999999993,
        444.1260000000002,
        321.20500000000084
      ],
      "active_latency_ms": [
        10221.79,
        10343.845,
        16234.967,
        13219.95,
        9802.569,
        14487.272,
        12165.725,
        11794.399,
        8534.419,
        13160.951,
        11731.51,
        12152.253,
        8042.567,
        14780.879,
        9487.591,
        8827.988,
        8658.543,
        11467.805,
        6983.076,
        8020.76
      ],
      "gross_wallclock_ms": [
        10221.79,
        10343.845,
        16234.967,
        13219.95,
        9802.569,
        14487.272,
        12165.725,
        11794.399,
        8534.419,
        13160.951,
        11731.51,
        12152.253,
        8042.567,
        14780.879,
        9487.591,
        8827.988,
        8658.543,
        11467.805,
        6983.076,
        8020.76
      ],
      "agent_cpu_time_ms": [
        90.48,
        93.779,
        154.61900000000003,
        120.94800000000001,
        87.619,
        137.875,
        114.14099999999999,
        113.042,
        84.896,
        121.87199999999999,
        106.61600000000001,
        110.29500000000002,
        73.714,
        122.62900000000002,
        83.93400000000003,
        73.80900000000003,
        63.08500000000001,
        69.03800000000001,
        47.275000000000006,
        41.07499999999999
      ],
      "calculator_ms": [
        0.024,
        0.023,
        0.024,
        0.025,
        0.643,
        0.023,
        1.182,
        0.033,
        0.034,
        0.023,
        0.029,
        0.025,
        0.036,
        0.026,
        0.026,
        0.028,
        0.02,
        0.03,
        0.029,
        0.029,
        0.025,
        0.034,
        0.021,
        0.031,
        0.053,
        0.022,
        0.023,
        0.019,
        0.044,
        0.029,
        0.023,
        0.025,
        0.021,
        0.021,
        0.056
      ],
      "num_calculator_calls": [
        1,
        1,
        1,
        1,
        1,
        3,
        2,
        1,
        2,
        2,
        3,
        5,
        1,
        1,
        3,
        1,
        1,
        3,
        1,
        1
      ],
      "correct": 18
    },
    {
      "wallclock_ms": 28713.579,
      "throughput_qps": 0.6965345560022315,
      "num_failures": 0,
      "num_mcp_race_failures": 0,
      "peak_memory_mb": 2397.8359375,
      "thrash_warning": false,
      "rc": 0,
      "orchestration_ms": [
        394.646999999999,
        528.2000000000007,
        377.98199999999997,
        368.241,
        357.0460000000003,
        505.10599999999977,
        427.4579999999987,
        334.9840000000004,
        468.47500000000036,
        383.91100000000006,
        425.0100000000002,
        382.85000000000036,
        335.41399999999885,
        354.549,
        634.4879999999994,
        344.5470000000005,
        315.3670000000002,
        291.71000000000095,
        356.96899999999914,
        289.3189999999995
      ],
      "active_latency_ms": [
        11364.178,
        10750.538,
        12804.154,
        9778.976,
        10493.913,
        13192.066,
        11249.264,
        9775.691,
        9001.873,
        9317.92,
        11531.02,
        12893.509,
        8614.114,
        8052.733,
        14637.729,
        8867.325,
        7524.705,
        8169.104,
        9292.082,
        8628.089
      ],
      "gross_wallclock_ms": [
        11364.178,
        10750.538,
        12804.154,
        9778.976,
        10493.913,
        13192.066,
        11249.264,
        9775.691,
        9001.873,
        9317.92,
        11531.02,
        12893.509,
        8614.114,
        8052.733,
        14637.729,
        8867.325,
        7524.705,
        8169.104,
        9292.082,
        8628.089
      ],
      "agent_cpu_time_ms": [
        112.30799999999999,
        98.569,
        116.80799999999999,
        89.552,
        92.85300000000001,
        126.84100000000002,
        109.073,
        86.27,
        87.88400000000001,
        89.052,
        113.85400000000001,
        116.41399999999999,
        80.11099999999999,
        68.75900000000001,
        113.709,
        81.02599999999998,
        59.099999999999994,
        60.749000000000024,
        57.323000000000036,
        48.27000000000004
      ],
      "calculator_ms": [
        0.026,
        0.031,
        0.019,
        0.035,
        0.04,
        0.021,
        0.137,
        0.054,
        0.024,
        0.039,
        0.024,
        0.025,
        0.026,
        0.026,
        0.027,
        0.02,
        0.06,
        0.02,
        0.029,
        0.03,
        0.023,
        0.022,
        0.032,
        0.078,
        0.025,
        0.034,
        0.053,
        0.046,
        0.02,
        0.025,
        0.037,
        0.029
      ],
      "num_calculator_calls": [
        1,
        1,
        1,
        1,
        1,
        2,
        2,
        1,
        2,
        2,
        3,
        5,
        1,
        1,
        3,
        1,
        1,
        1,
        1,
        1
      ],
      "correct": 19
    },
    {
      "wallclock_ms": 28707.43,
      "throughput_qps": 0.6966837505133688,
      "num_failures": 0,
      "num_mcp_race_failures": 0,
      "peak_memory_mb": 2282.7734375,
      "thrash_warning": false,
      "rc": 0,
      "orchestration_ms": [
        415.5570000000007,
        352.9459999999999,
        295.73199999999997,
        339.66899999999987,
        395.26900000000023,
        453.3790000000008,
        425.3770000000004,
        306.02299999999923,
        426.6959999999999,
        330.0619999999999,
        380.7489999999998,
        476.26700000000164,
        309.3769999999986,
        324.2419999999993,
        402.47999999999956,
        311.3000000000002,
        343.4100000000017,
        391.2420000000002,
        470.98099999999977,
        373.7550000000001
      ],
      "active_latency_ms": [
        11401.79,
        8676.234,
        13647.244,
        13633.436,
        11216.482,
        12849.645,
        11885.813,
        8930.451,
        7453.301,
        7059.219,
        12291.517,
        14166.334,
        9669.72,
        8378.953,
        11783.835,
        7584.902,
        10106.745,
        12570.85,
        7385.479,
        6496.988
      ],
      "gross_wallclock_ms": [
        11401.79,
        8676.234,
        13647.244,
        13633.436,
        11216.482,
        12849.645,
        11885.813,
        8930.451,
        7453.301,
        7059.219,
        12291.517,
        14166.334,
        9669.72,
        8378.953,
        11783.835,
        7584.902,
        10106.745,
        12570.85,
        7385.479,
        6496.988
      ],