{
  "mode": "py-mp",
  "N": 4,
  "llm_transport": "claude-cli",
  "cold_start_ms": 22609.790445989347,
  "warmup_queries": 4,
  "median_per_query_wallclock_ms_at_n1": null,
  "runs": [
    {
      "wallclock_ms": 107496.96365799173,
      "throughput_qps": 0.18605176666785905,
      "num_failures": 0,
      "orchestration_ms": [
        118.22199999999793,
        142.632999999998,
        118.40499999999884,
        77.59700000000157,
        132.79600000000028,
        120.01500000000306,
        108.18999999999869,
        73.56000000000131,
        123.33799999999974,
        130.8770000000004,
        305.3480000000018,
        363.17399999999907,
        441.90599999999904,
        282.6830000000009,
        451.78600000000006,
        344.137999999999,
        298.0669999999991,
        267.2320000000018,
        442.10199999999895,
        584.0849999999991
      ],
      "active_latency_ms": [
        17771.459,
        16659.781,
        15877.571,
        23844.954,
        15438.424,
        18855.494000000002,
        15870.568,
        14622.917000000001,
        12763.3,
        14990.065,
        21079.58,
        18763.315,
        16312.792,
        18581.965,
        19603.319,
        21582.66,
        15153.989,
        16464.167,
        15739.237,
        17221.249
      ],
      "gross_wallclock_ms": [
        18027.643,
        16976.746,
        16340.846,
        24110.173,
        15829.049,
        19102.678,
        16250.178,
        14998.962,
        13092.29,
        15301.14,
        21079.58,
        18763.315,
        16312.792,
        18581.965,
        19603.319,
        21582.66,
        15268.79,
        16464.167,
        15739.237,
        17221.249
      ],
      "peak_memory_mb": 1701.625
    },
    {
      "wallclock_ms": 113032.36528600974,
      "throughput_qps": 0.17694047142509406,
      "num_failures": 0,
      "orchestration_ms": [
        92.52200000000084,
        162.26200000000244,
        98.28499999999985,
        82.68700000000172,
        94.89199999999983,
        116.91499999999905,
        104.7510000000002,
        69.77699999999822,
        118.83200000000033,
        114.66999999999825,
        420.9449999999997,
        350.1980000000003,
        310.6929999999993,
        564.6540000000023,
        306.7669999999998,
        301.5550000000003,
        280.7340000000004,
        266.8690000000024,
        328.09699999999793,
        400.119999999999
      ],
      "active_latency_ms": [
        16238.122,
        17520.491,
        16613.872,
        17193.789,
        17176.439,
        16336.703,
        17892.781,
        16565.601,
        15473.997000000001,
        16700.625,
        15802.73,
        18545.566,
        17936.137,
        25417.972,
        19007.605,
        17182.42,
        17702.115,
        21009.484,
        21502.796,
        24954.409
      ],
      "gross_wallclock_ms": [
        16632.924,
        17724.562,
        16999.715,
        17718.898,
        17491.853,
        16692.694,
        18035.486,
        17190.642,
        15976.803,
        16840.336,
        15802.73,
        18545.566,
        17936.137,
        25417.972,
        19007.605,
        17182.42,
        17706.496,
        21009.484,
        21502.796,
        24954.409
      ],
      "peak_memory_mb": 1701.625
    },
    {
      "wallclock_ms": 105486.84898500505,
      "throughput_qps": 0.1895970937841076,
      "num_failures": 0,
      "orchestration_ms": [
        140.39000000000306,
        110.70000000000073,
        98.42199999999866,
        139.79100000000108,
        93.65000000000146,
        117.15600000000086,
        165.02000000000044,
        87.9359999999997,
        130.57500000000073,
        125.09399999999914,
        276.6959999999999,
        454.5,
        300.7340000000004,
        272.0659999999989,
        372.51800000000003,
        388.15399999999863,
        294.116,
        336.34400000000096,
        261.67399999999907,
        288.4750000000022
      ],
      "active_latency_ms": [
        23523.723,
        16689.929,
        17226.464,
        16284.127,
        21750.479,
        13792.217,
        12196.915,
        13468.127999999999,
        15629.675000000001,
        13719.139,
        20656.312,
        15950.992,
        16548.006,
        18864.91,
        19297.761,
        16757.285,
        15690.175000000001,
        18425.504,
        17972.528,
        18765.684
      ],
      "gross_wallclock_ms": [
        24798.044,
        16991.413,
        17418.749,
        16620.811,
        23206.539,
        14121.657,
        12509.584,
        13813.513,
        15959.998,
        14030.039,
        20656.312,
        15950.992,
        16548.006,
        18864.91,
        19297.761,
        16757.285,
        16004.968,
        18425.504,
        17972.528,
        18765.684
      ],
      "peak_memory_mb": 1701.625
    }
  ],
  "orchestration_ms": {
    "p50": 213.34699999999975,
    "p90": 423.0410999999997,
    "mean": 232.77316666666678,
    "n": 60
  },
  "active_latency_ms": {
    "p50": 17179.4295,
    "p90": 21510.782399999996,
    "mean": 17619.67355,
    "n": 60
  },
  "gross_wallclock_ms": {
    "p50": 17205.9455,
    "p90": 21510.782399999996,
    "mean": 17828.8434,
    "n": 60
  },
  "cli_args": {
    "mode": "py-mp",
    "concurrency": 4,
    "sweep": false,
    "max_n": 64,
    "runs": 3,
    "warmup_queries": 4,
    "queries": "/Users/anna/Desktop/agent-interception/benchmark/queries/chemcrow_20.json",
    "out_root": "/Users/anna/Desktop/agent-interception/benchmark/output/sweep",
    "skip_cold_start": false,
    "reset": true
  },
  "peak_memory_mb": 1701.625,
  "swap_thrash_warning": false
}