{
  "lang": "go",
  "N": 4,
  "status": "OK",
  "llm_transport": "claude-cli",
  "runs": [
    {
      "wallclock_ms": 143189.27,
      "throughput_qps": 0.13967527036069113,
      "num_failures": 0,
      "num_mcp_race_failures": 0,
      "peak_memory_mb": 1334.19140625,
      "thrash_warning": false,
      "rc": 0,
      "orchestration_ms": [
        538.8110000000015,
        495.44500000000335,
        440.8410000000149,
        430.8230000000003,
        717.9619999999995,
        992.2660000000014,
        1514.2099999999991,
        1666.7869999999984,
        1408.8330000000005,
        312.40400000000045,
        430.41300000000047,
        427.58600000000297,
        275.4389999999985,
        332.2769999999982,
        346.4850000000006,
        2334.205,
        355.5529999999999,
        1652.0519999999997,
        303.6369999999988,
        1621.893
      ],
      "active_latency_ms": [
        49731.819,
        31919.954,
        91139.456,
        31324.873,
        22813.947,
        11823.932,
        25178.961,
        17897.509,
        12650.063,
        10007.779,
        32387.616,
        56788.265,
        18903.122,
        20782.91,
        22963.87,
        17621.393,
        13635.262,
        16019.428,
        11649.112,
        17528.468
      ],
      "gross_wallclock_ms": [
        49731.819,
        31919.954,
        91139.456,
        31324.873,
        22813.947,
        11823.932,
        25178.961,
        17897.509,
        12650.063,
        10007.779,
        32387.616,
        56788.265,
        18903.122,
        20782.91,
        22963.87,
        17621.393,
        13635.262,
        16019.428,
        11649.112,
        17528.468
      ],
      "agent_cpu_time_ms": [
        455.135,
        288.25300000000004,
        747.354,
        259.74399999999997,
        218.79500000000002,
        109.125,
        207.27800000000002,
        136.22900000000004,
        77.06299999999999,
        65.981,
        207.20500000000004,
        429.62200000000007,
        115.56499999999994,
        171.0820000000001,
        191.61799999999994,
        133.87,
        106.3789999999999,
        119.269,
        87.69600000000014,
        70.17100000000005
      ],
      "bash_spawn_ms": [
        2.056,
        3.825,
        2.874,
        2.738,
        2.354,
        2.815,
        2.943,
        2.847,
        3.276,
        3.108,
        3.228,
        3.816,
        3.492,
        2.105,
        3.317,
        3.291,
        3.259,
        2.432,
        2.622,
        2.944,
        2.535,
        2.348,
        3.118,
        4.684,
        3.541,
        3.392,
        2.904,
        3.024,
        3.407,
        7.541,
        2.809,
        2.728,
        3.075,
        3.212,
        2.207,
        2.868,
        3.726,
        3.44,
        3.625,
        4.505,
        2.806,
        3,
        4.516,
        2.712,
        3.362,
        4.199,
        3.657,
        2.233,
        3.4,
        2.632,
        3.001,
        3.32,
        3.804,
        2.645,
        3.681,
        2.443,
        2.668,
        4.065,
        3.07,
        3.165,
        6.325,
        3.307,
        2.673,
        2.988,
        2.367,
        2.984,
        3.092,
        2.801,
        3.109,
        3.382
      ],
      "bash_work_ms": [
        240.866,
        6.083,
        32.34,
        228.611,
        560.438,
        662.646,
        232.927,
        353.431,
        28.067,
        328.24,
        959.304,
        948.082,
        959.132,
        2.964,
        57.846,
        673.387,
        664.937,
        704.994,
        50.453,
        415.203,
        435.755,
        433.82,
        66.756,
        415.79,
        414.269,
        491.201,
        198.31,
        242.907,
        8.835,
        5.225,
        10.809,
        15.687,
        15.764,
        8.92,
        9.722,
        8.388,
        75.986,
        204.751,
        9.817,
        9.002,
        106.29,
        171.507,
        8.12,
        3.447,
        178.242,
        49.56,
        13.732,
        2.681,
        108.798,
        183.871,
        9.92,
        140.025,
        186.576,
        8.087,
        3.437,
        122.689,
        141.817,
        5.759,
        5.465,
        107.107,
        14.681,
        5.371,
        17.474,
        46.144,
        8.984,
        9.491,
        74.441,
        10.173,
        18.824,
        9.741
      ],
      "num_bash_calls": [
        8,
        7,
        4,
        4,
        5,
        2,
        3,
        2,
        1,
        1,
        4,
        8,
        3,
        4,
        4,
        1,
        3,
        1,
        2,
        3
      ]
    },
    {
      "wallclock_ms": 169424.861,
      "throughput_qps": 0.1180464300336655,
      "num_failures": 0,
      "num_mcp_race_failures": 0,
      "peak_memory_mb": 1359.625,
      "thrash_warning": false,
      "rc": 0,
      "orchestration_ms": [
        598.0380000000005,
        413.0329999999958,
        415.89100000000326,
        832.9140000000007,
        746.0299999999988,
        438.60999999999876,
        1546.3549999999996,
        722.5060000000012,
        1249.4390000000003,
        337.10599999999795,
        384.92899999999645,
        1232.8629999999976,
        1693.846000000005,
        1579.8679999999986,
        1733.7839999999997,
        2067.716999999997,
        291.005000000001,
        1994.6479999999992,
        348.0169999999998,
        1429.1440000000002
      ],
      "active_latency_ms": [
        31175.112,
        42285.996,
        109531.138,
        20526,
        61290.583,
        15461.596,
        19135.871,
        29874.103,
        13682.466,
        12896.71,
        34304.001,
        87528.047,
        34675.357,
        26230.995,
        26450.022,
        21500.372,
        17591.906,
        16133.07,
        14193.508,
        12665.879
      ],
      "gross_wallclock_ms": [
        31175.112,
        42285.996,
        109531.138,
        20526,
        61290.583,
        15461.596,
        19135.871,
        29874.103,
        13682.466,
        12896.71,
        34304.001,
        87528.047,
        34675.357,
        26230.995,
        26450.022,
        21500.372,
        17591.906,
        16133.07,
        14193.508,
        12665.879
      ],
      "agent_cpu_time_ms": [
        267.562,
        335.50600000000003,
        730.82,
        156.16799999999998,
        408.031,
        104.76000000000005,
        111.09300000000007,
        163.37199999999996,
        69.28499999999997,
        84.38799999999992,
        190.1930000000001,
        579.038,
        187.57299999999998,
        180.923,
        201.99800000000005,
        180.26599999999996,
        158.8320000000001,
        131.39100000000008,
        89.54399999999987,
        49.00299999999993
      ],