{
  "mode": "go",
  "N": 2,
  "llm_transport": "claude-cli",
  "cold_start_ms": 20384.442,
  "warmup_queries": 4,
  "median_per_query_wallclock_ms_at_n1": null,
  "runs": [
    {
      "wallclock_ms": 177527.019,
      "throughput_qps": 0.11265890743087395,
      "num_failures": 0,
      "orchestration_ms": [
        1670.3730000000014,
        1375.6980000000003,
        1686.2659999999996,
        1654.550000000001,
        1692.6960000000017,
        1669.3940000000002,
        2133.7069999999985,
        1707.1290000000008,
        2440.249,
        1702.2070000000003,
        4935.192000000001,
        2807.270999999999,
        3450.5769999999993,
        3939.915000000001,
        2693.7040000000015,
        2779.7029999999995,
        1963.4080000000013,
        3417.9660000000003,
        2981.41,
        2397.029999999999
      ],
      "active_latency_ms": [
        11743.749,
        11390.88,
        11409.418,
        13899.416000000001,
        12789.887,
        14546.312,
        19443.929,
        13030.544,
        14678.129,
        12620.989,
        16345.378,
        15450.581,
        13747.598,
        27398.47,
        18642.584,
        16931.715,
        14243.584,
        19455.918,
        12267.036,
        12797.506
      ],
      "gross_wallclock_ms": [
        13719.824,
        14900.848,
        13713.291,
        14303.009,
        13039.368,
        14837.151,
        19443.929,
        15973.205,
        17444.434,
        15598.636,
        19312.683,
        18427.583,
        16275.259,
        27398.47,
        20972.718,
        17021.528,
        14340.301,
        19455.918,
        16269.143,
        17849.758
      ],
      "peak_memory_mb": 756.95703125
    },
    {
      "wallclock_ms": 182953.523,
      "throughput_qps": 0.10931738111432815,
      "num_failures": 0,
      "orchestration_ms": [
        1692.8230000000003,
        1723.1670000000013,
        1678.2270000000008,
        1954.6719999999987,
        3053.9400000000023,
        2719.289999999999,
        2005.6990000000005,
        2956.3539999999994,
        2575.143,
        2019.3580000000002,
        5043.146000000001,
        2677.357,
        2516.7070000000003,
        3958.3669999999984,
        3514.3820000000014,
        4105.725000000002,
        1867.0280000000002,
        3529.715,
        2896.75,
        2220.755000000001
      ],
      "active_latency_ms": [
        14770.785,
        12306.294,
        11450.596,
        18517.753,
        18168.762000000002,
        13796.337,
        15899.196,
        14474.636,
        16062.512999999999,
        18474.47,
        16194.855,
        16782.069,
        11824.388,
        17942.304,
        14236.669,
        16399.577,
        11884.391,
        17433.954,
        15373.078000000001,
        17561.642
      ],
      "gross_wallclock_ms": [
        17005.629,
        15366.292,
        13603.911,
        21253.011,
        18443.254,
        16495.132,
        16311.764,
        16876.955,
        16292.356,
        21222.957,
        19859.651,
        21746.534,
        14075.038,
        20733.607,
        16674.804,
        18541.991,
        14284.692,
        22102.57,
        15560.957,
        17561.642
      ],
      "peak_memory_mb": 756.95703125
    },
    {
      "wallclock_ms": 177796.29,
      "throughput_qps": 0.11248828645412118,
      "num_failures": 0,
      "orchestration_ms": [
        2307.4710000000014,
        1675.4720000000016,
        1680.0380000000023,
        1691.6000000000004,
        1704.3960000000006,
        1804.071,
        1696.3349999999991,
        2101.4750000000004,
        1943.9989999999998,
        1965.7690000000002,
        4146.042999999998,
        2816.7530000000006,
        2632.5469999999987,
        5330.835999999999,
        2363.852999999999,
        2686.5970000000016,
        1117.3279999999977,
        3485.7940000000017,
        2687.7350000000006,
        2418.0800000000017
      ],
      "active_latency_ms": [
        13527.068,
        13960.392,
        16420.204,
        15837.991,
        16501.309,
        14009.395,
        11116.735,
        18185.878,
        11973.356,
        14302.91,
        13347.252,
        13162.751,
        18041.696,
        21527.813,
        12458.07,
        19982.984,
        19274.456,
        15219.822999999999,
        15132.018,
        18735.952
      ],
      "gross_wallclock_ms": [
        17266.606,
        18267.177,
        16485.967,
        15854.308,
        16623.867,
        14374.327,
        13691.694,
        18304.489,
        14619.682,
        14640.828,
        21227.617,
        16006.163,
        21768.551,
        21527.813,
        14614.738,
        19984.415,
        19274.456,
        17857.166,
        15132.018,
        19087.64
      ],
      "peak_memory_mb": 756.95703125
    }
  ],
  "orchestration_ms": {
    "p50": 2380.441499999999,
    "p90": 3941.7602000000006,
    "mean": 2534.3873666666673,
    "n": 60
  },
  "active_latency_ms": {
    "p50": 14951.4015,
    "p90": 18789.802400000004,
    "mean": 15418.432416666668,
    "n": 60
  },
  "gross_wallclock_ms": {
    "p50": 16775.879500000003,
    "p90": 21230.1564,
    "mean": 17348.655416666665,
    "n": 60
  },
  "cli_args": {
    "mode": "go",
    "concurrency": 2,
    "sweep": false,
    "max_n": 64,
    "runs": 3,
    "warmup_queries": 4,
    "queries": "/Users/anna/Desktop/agent-interception/benchmark/queries/chemcrow_20.json",
    "out_root": "/Users/anna/Desktop/agent-interception/benchmark/output/sweep",
    "skip_cold_start": false,
    "reset": true
  },
  "peak_memory_mb": 756.95703125,
  "swap_thrash_warning": false
}