config,total_latency_ms_mean,total_latency_ms_p50,total_latency_ms_p95,tool_search_ms_mean,tool_search_ms_p50,tool_search_ms_p95,tool_fetch_ms_mean,tool_fetch_ms_p50,tool_fetch_ms_p95,tool_summarize_ms_mean,tool_summarize_ms_p50,tool_summarize_ms_p95,tool_time_ms_mean,tool_time_ms_p50,tool_time_ms_p95,llm_time_ms_mean,llm_time_ms_p50,llm_time_ms_p95,framework_overhead_ms_mean,framework_overhead_ms_p50,framework_overhead_ms_p95,tool_time_fraction_mean,tool_time_fraction_p50,tool_time_fraction_p95,llm_time_fraction_mean,llm_time_fraction_p50,llm_time_fraction_p95,num_tool_calls_mean,num_tool_calls_p50,num_tool_calls_p95,num_retries_mean,num_retries_p50,num_retries_p95,num_parse_errors_mean,num_parse_errors_p50,num_parse_errors_p95,num_llm_turns_mean,num_llm_turns_p50,num_llm_turns_p95
go,50564.22625,36231.5515,146494.6706,0.0137,0.008,0.049100000000000005,699.8367000000001,453.3265,1800.764450000001,0.0,0.0,0.0,699.8504,453.33,1800.788500000001,7108.390549999999,5018.8845,13888.187250000015,1.1823431123048067e-12,0.0,7.275957614183426e-12,0.09666438268798834,0.07848252028054198,0.2135059032546362,0.9033356173120117,0.9215174797194579,0.999995639054925,3.35,3.0,10.0,0.0,0.0,0.0,0.0,0.0,0.0,3.85,3.0,10.0
py,48747.1953,35256.676,145680.10325000001,0.20675,0.11649999999999999,0.8247500000000001,732.62075,568.419,1797.4792000000002,0.0,0.0,0.0,732.8275000000001,568.8855000000001,1797.5710000000004,5247.94025,4379.1515,10381.18915,1.0913936421275138e-12,0.0,3.819877747446301e-12,0.12441298719706177,0.12052386811773853,0.2192222773246618,0.8755870128029383,0.8794761318822611,0.9792324320418324,3.35,3.0,10.05,0.0,0.0,0.0,0.0,0.0,0.0,3.85,3.0,10.0
