{
  "lang": "python",
  "N": 1,
  "status": "OK",
  "llm_transport": "claude-cli",
  "runs": [
    {
      "wallclock_ms": 549760.0,
      "throughput_qps": 0.036379511059371365,
      "num_failures": 0,
      "num_mcp_race_failures": 0,
      "peak_memory_mb": 388.21875,
      "thrash_warning": false,
      "rc": 0,
      "orchestration_ms": [
        504.32500000000437,
        517.9439999999959,
        473.72499999999854,
        473.33899999999994,
        446.9019999999982,
        798.8539999999994,
        545.7799999999988,
        1687.9930000000022,
        1165.9640000000072,
        453.6859999999997,
        375.1939999999995,
        581.148000000001,
        378.6919999999991,
        394.16300000000047,
        425.68399999999747,
        2334.506999999998,
        468.5100000000002,
        1795.6899999999987,
        305.5640000000003,
        321.6100000000006
      ],
      "active_latency_ms": [
        39007.995,
        63964.096,
        56504.006,
        26852.612,
        24426.868,
        13720.508,
        22554.517,
        20480.812,
        34036.749,
        15783.067,
        28983.117,
        76634.706,
        15486.917,
        20483.147,
        18295.834,
        19785.296,
        12467.806,
        17264.907,
        12033.971,
        10566.326
      ],
      "gross_wallclock_ms": [
        39007.995,
        63964.096,
        56504.006,
        26852.612,
        24426.868,
        13720.508,
        22554.517,
        20480.812,
        34036.749,
        15783.067,
        28983.117,
        76634.706,
        15486.917,
        20483.147,
        18295.834,
        19785.296,
        12467.806,
        17264.907,
        12033.971,
        10566.326
      ],
      "agent_cpu_time_ms": [
        122.77100000000019,
        126.69599999999991,
        90.59900000000016,
        81.33300000000054,
        115.1579999999999,
        66.4970000000003,
        86.0340000000001,
        94.93299999999999,
        112.57200000000012,
        48.564000000000306,
        83.43200000000024,
        216.9159999999997,
        68.42699999999968,
        92.96299999999974,
        117.90299999999979,
        112.47099999999955,
        55.427999999999884,
        112.39899999999989,
        47.067999999999756,
        44.61000000000013
      ],
      "bash_spawn_ms": [
        9.537,
        6.004,
        5.723,
        6.338,
        5.482,
        5.802,
        4.807,
        4.836,
        4.56,
        5.236,
        4.51,
        7.688,
        5.022,
        4.154,
        3.942,
        4.641,
        5.584,
        5.202,
        5.218,
        4.27,
        4.76,
        5.973,
        3.731,
        5.619,
        4.052,
        6.688,
        5.965,
        6.274,
        6.022,
        4.999,
        5.54,
        4.326,
        6.372,
        4.622,
        4.578,
        5.458,
        4.199,
        4.086,
        6.861,
        3.899,
        5.329,
        6.856,
        6.311,
        4.544,
        4.294,
        7.535,
        5.549,
        4.811,
        6.292,
        5.225,
        5.535,
        4.898,
        5.399,
        5.433,
        4.517,
        5.258,
        4.603,
        5.3,
        6.162,
        6.979,
        5.965,
        5.513,
        5.607,
        5.801,
        5.764,
        5.537,
        7.786,
        7.247,
        6.245,
        7.099,
        8.451,
        4.044,
        4.995,
        4.86,
        4.531,
        3.852,
        5.604,
        4.528,
        5.771,
        4.926,
        5.864
      ],
      "bash_work_ms": [
        245.544,
        3.797,
        3.34,
        793.198,
        796.026,
        819.973,
        110.587,
        25.904,
        931.001,
        325.411,
        946.607,
        945.833,
        940.754,
        1232.388,
        15248.844,
        2.896,
        445.8,
        400.569,
        397.252,
        400.301,
        72.725,
        406.029,
        422.033,
        429.035,
        84.771,
        407.53,
        441.154,
        11.875,
        278.714,
        10.22,
        3.904,
        8.619,
        3.914,
        8.899,
        8.23,
        4.354,
        9.044,
        113.595,
        88.117,
        66.927,
        75.42,
        17.234,
        23.223,
        192.088,
        14.48,
        3.324,
        115.696,
        214.215,
        10.032,
        187.313,
        3.754,
        50.778,
        53.696,
        177.556,
        14.343,
        16.645,
        176.493,
        52.732,
        10.124,
        2.666,
        125.51,
        203.942,
        10.007,
        110.886,
        187.4,
        8.54,
        5.688,
        117.463,
        158.42,
        4.61,
        121.252,
        9.826,
        11.67,
        3.443,
        15.52,
        52.108,
        13.768,
        12.483,
        82.098,
        8.433,
        19.272
      ],
      "num_bash_calls": [
        7,
        8,
        6,
        4,
        4,
        2,
        3,
        2,
        5,
        2,
        4,
        14,
        3,
        4,
        3,
        2,
        3,
        1,
        2,
        2
      ]
    },
    {
      "wallclock_ms": 616520.0,
      "throughput_qps": 0.03244014792707455,
      "num_failures": 0,
      "num_mcp_race_failures": 0,
      "peak_memory_mb": 418.2109375,
      "thrash_warning": false,
      "rc": 0,
      "orchestration_ms": [
        659.1990000000005,
        505.27100000000064,
        381.2289999999921,
        492.3240000000005,
        829.5380000000005,
        862.7469999999994,
        1246.0220000000008,
        1898.2669999999998,
        1294.2530000000006,
        304.96399999999994,
        838.3729999999996,
        488.53899999999703,
        316.53700000000026,
        314.55499999999665,
        421.4369999999999,
        2195.6410000000014,
        398.65500000000065,
        1775.0750000000007,
        240.89800000000105,
        322.47199999999975
      ],
      "active_latency_ms": [
        53446.011,
        43908.147,
        77415.614,
        42435.845,
        107561.048,
        15567.25,
        18084.459,
        21776.835,
        12956.369,
        8439.349,
        30402.981,
        50168.6,
        19429.043,
        17828.295,
        16152.429,
        17578.007,
        15284.574,
        14171.401,
        24995.719,
        8602.652
      ],
      "gross_wallclock_ms": [
        53446.011,
        43908.147,
        77415.614,
        42435.845,
        107561.048,
        15567.25,
        18084.459,
        21776.835,
        12956.369,
        8439.349,
        30402.981,
        50168.6,
        19429.043,
        17828.295,
        16152.429,
        17578.007,
        15284.574,
        14171.401,
        24995.719,
        8602.652
      ],
      "agent_cpu_time_ms": [
        137.38599999999997,
        121.71200000000044,
        72.7770000000005,
        118.73199999999952,
        275.6700000000001,
        69.82400000000007,
        87.31899999999996,
        146.7560000000003,
        71.29100000000017,
        30.22100000000046,
        76.78699999999935,
        147.1170000000002,
        89.1859999999997,
        71.17799999999988,
        58.40300000000025,
        105.22499999999991,
        56.620000000000346,
        112.44900000000007,
        62.20600000000013,
        42.95100000000002
      ],